A,G,N1,N2,M,T,label,label_original
1.12,1.02,-55.99,33.1,669.53,24.93,3.0,3
0.82,0.92,-45.76,7.57,753.67,23.95,2.0,2
0.9,1.14,-79.72,1.69,549.64,23.09,0.0,0
0.83,1.18,-67.29,-26.4,588.16,26.43,2.0,2
1.0,1.07,-56.93,44.83,778.98,23.94,4.0,4
0.9,1.16,-42.59,-43.58,645.44,22.0,4.0,4
0.88,1.12,-79.53,18.56,702.36,22.58,1.0,1
1.05,1.04,-59.58,8.78,843.74,27.56,1.0,1
1.13,1.03,-78.33,-32.83,798.29,22.34,3.0,3
1.12,0.81,-35.43,-43.94,629.39,23.86,4.0,4
0.88,1.1,-53.31,3.55,560.49,26.5,2.0,2
1.13,0.96,-81.73,41.34,705.41,23.52,3.0,3
0.86,1.04,-45.93,-22.52,803.26,23.33,3.0,3
1.07,0.97,-39.98,49.72,599.67,23.55,4.0,4
1.12,0.81,-70.66,25.29,676.21,25.56,2.0,2
0.9,1.14,-79.72,1.69,549.64,23.09,0.0,0
0.97,0.9,-72.86,-4.98,666.01,25.6,0.0,0
1.01,1.13,-81.85,-10.74,787.32,25.78,1.0,1
0.88,0.94,-82.75,16.7,674.9,24.29,0.0,0
1.06,1.1,-35.19,-26.74,731.23,24.77,4.0,4
0.85,1.1,-83.29,7.21,747.58,27.87,0.0,0
1.0,1.16,-70.44,32.0,577.47,23.72,2.0,2
0.99,0.99,-72.33,47.93,790.84,23.23,3.0,3
1.09,1.08,-59.37,1.37,801.89,25.95,1.0,1
1.04,0.94,-40.57,-14.89,536.46,24.14,2.0,2
0.97,1.18,-44.04,-26.87,876.32,26.63,4.0,4
1.0,1.14,-77.9,21.17,852.23,27.14,2.0,2
0.86,0.88,-71.13,25.69,772.41,23.77,2.0,2
0.81,1.09,-42.41,25.83,649.72,26.12,3.0,3
0.85,1.0,-66.16,36.3,866.02,23.13,4.0,4
1.08,1.02,-84.39,-0.38,549.94,26.9,0.0,0
1.06,1.03,-66.17,8.97,841.08,23.96,1.0,1
1.16,1.12,-58.14,-42.87,537.55,23.85,3.0,3
1.06,0.97,-35.28,33.87,597.07,27.15,4.0,4
1.05,1.2,-68.29,-20.24,849.12,27.37,3.0,3
1.09,0.87,-75.24,-32.64,608.03,26.64,2.0,2
1.11,0.8,-84.26,4.64,668.74,24.71,0.0,0
0.98,0.97,-52.73,25.72,587.76,23.95,3.0,3
0.9,1.0,-59.06,30.44,531.32,24.89,3.0,3
1.11,0.98,-46.28,-33.27,513.54,27.3,3.0,3
1.06,0.84,-64.44,21.45,747.89,25.47,3.0,3
0.8,1.18,-80.14,46.19,799.62,24.49,3.0,3
0.88,1.03,-82.06,18.58,671.4,27.2,0.0,0
0.96,0.85,-80.74,-9.14,600.1,27.9,0.0,0
1.0,1.12,-81.73,-5.42,616.62,23.76,0.0,0
1.0,1.02,-49.87,44.65,718.62,24.09,4.0,4
0.93,1.17,-75.56,0.25,749.93,24.06,1.0,1
0.88,1.03,-82.06,18.58,671.4,27.2,0.0,0
0.9,0.89,-83.06,-17.09,533.9,25.76,0.0,0
1.13,1.07,-49.17,36.64,824.42,24.24,4.0,4
0.94,1.1,-47.94,36.87,806.3,27.03,4.0,4
1.08,0.84,-55.77,30.0,567.59,23.76,3.0,3
0.99,1.08,-66.93,-17.07,891.67,27.8,2.0,2
0.93,1.01,-76.95,-18.57,509.09,22.97,1.0,1
1.19,1.06,-42.8,-30.19,711.95,23.73,4.0,4
1.02,0.94,-40.76,34.78,776.51,26.44,4.0,4
1.09,0.93,-64.06,-8.46,662.11,22.95,1.0,1
1.09,0.96,-84.05,-5.95,781.43,27.46,0.0,0
1.09,0.88,-39.08,7.34,813.53,25.34,3.0,3
1.07,0.81,-62.71,42.09,835.39,23.27,4.0,4
1.12,0.81,-79.5,3.35,557.09,24.0,0.0,0
0.85,1.17,-37.65,6.63,686.03,22.79,2.0,2
1.15,1.19,-60.53,8.48,548.35,26.55,1.0,1
0.92,1.19,-43.79,11.01,806.51,27.29,3.0,3
1.11,1.13,-64.14,-36.38,612.31,27.56,3.0,3
1.18,0.88,-59.78,-38.34,746.25,24.39,3.0,3
1.06,1.04,-60.5,-13.75,790.01,22.11,2.0,2
0.85,0.93,-76.75,39.88,674.2,27.01,2.0,2
0.97,0.9,-72.86,-4.98,666.01,25.6,0.0,0
1.1,1.14,-73.53,2.48,719.02,24.68,1.0,1
0.98,0.82,-82.27,35.91,690.83,27.32,2.0,2
1.13,1.02,-53.93,-41.81,745.11,26.4,4.0,4
0.95,0.88,-59.33,2.82,592.6,27.67,1.0,1
1.17,0.92,-53.41,41.68,573.59,26.05,4.0,4
0.85,0.99,-75.95,-22.82,747.03,27.06,2.0,2
0.88,1.17,-42.95,47.24,897.25,22.48,4.0,4
1.06,0.9,-61.84,43.94,884.2,22.57,4.0,4
1.07,1.1,-57.04,45.99,731.28,24.41,4.0,4
0.96,0.85,-69.25,-1.13,582.9,25.02,1.0,1
0.94,1.18,-45.12,40.16,731.15,26.16,4.0,4
1.07,0.99,-62.94,-22.5,552.02,22.87,2.0,2
1.02,1.2,-72.53,-28.55,840.28,23.68,2.0,2
1.0,1.03,-35.7,-37.2,755.92,27.62,4.0,4
1.18,0.96,-60.26,-4.39,527.04,24.32,1.0,1
1.0,0.89,-49.8,-3.45,551.85,27.56,2.0,2
1.01,1.06,-74.21,49.31,752.3,25.21,3.0,3
1.17,0.92,-53.41,41.68,573.59,26.05,4.0,4
1.12,0.9,-84.13,2.78,868.49,23.98,1.0,1
1.02,0.88,-74.11,-49.57,706.47,24.17,3.0,3
0.98,0.84,-73.83,-14.99,813.67,24.39,1.0,1
0.93,1.08,-79.78,3.73,658.65,23.61,0.0,0
1.05,1.13,-65.67,8.35,770.86,24.14,1.0,1
0.92,1.09,-81.77,14.5,517.34,22.18,1.0,1
0.95,0.88,-53.12,-43.25,876.0,22.7,4.0,4
0.82,1.14,-78.73,-40.39,736.94,24.25,3.0,3
0.89,1.17,-66.71,21.17,819.0,26.0,3.0,3
1.14,1.14,-73.54,-17.42,758.74,26.99,1.0,1
0.9,0.89,-83.06,-17.09,533.9,25.76,0.0,0
0.96,1.17,-39.98,-36.83,883.45,25.19,4.0,4
1.11,1.1,-82.64,-11.95,602.08,24.22,1.0,1
1.06,0.9,-77.54,-0.82,617.23,25.12,0.0,0
1.11,0.94,-48.65,13.94,552.62,25.96,2.0,2
1.19,1.08,-47.71,14.91,739.04,22.15,3.0,3
0.87,1.1,-62.31,-6.39,605.33,25.32,1.0,1
0.82,0.82,-56.53,-25.24,524.72,24.9,2.0,2
0.89,0.81,-68.49,-23.55,696.94,23.19,2.0,2
1.12,0.81,-79.5,3.35,557.09,24.0,0.0,0
1.2,1.13,-84.51,20.14,517.99,26.07,1.0,1
1.11,1.1,-82.64,-11.95,602.08,24.22,1.0,1
1.05,1.18,-36.07,15.89,866.57,26.47,4.0,4
0.96,0.97,-48.19,-34.64,773.9,27.09,4.0,4
0.91,0.84,-71.55,4.58,557.49,24.55,0.0,0
0.92,1.17,-54.3,-41.97,643.15,24.01,4.0,4
0.86,0.88,-36.93,11.85,564.0,26.23,3.0,3
1.17,1.19,-36.89,-18.18,590.39,24.53,3.0,3
1.19,0.9,-60.45,42.8,514.59,23.41,3.0,3
0.92,1.1,-37.91,19.84,665.57,25.26,3.0,3
1.16,1.09,-83.82,-44.0,562.06,25.72,2.0,2
1.0,1.12,-80.4,18.25,688.09,25.34,1.0,1
1.19,1.19,-35.78,22.25,596.51,22.93,3.0,3
1.08,1.02,-84.39,-0.38,549.94,26.9,0.0,0
0.9,1.0,-74.47,4.07,651.75,24.63,0.0,0
1.15,1.05,-50.88,-27.21,839.33,24.23,3.0,3
1.08,0.99,-41.39,-30.12,757.42,27.08,4.0,4
0.87,0.89,-79.36,-10.57,604.71,23.02,1.0,1
0.97,0.93,-63.46,46.04,790.39,26.02,4.0,4
0.89,1.07,-60.38,18.04,867.07,25.16,2.0,2
0.97,1.12,-54.77,11.92,850.0,22.9,3.0,3
0.92,1.18,-61.82,7.74,780.41,22.8,1.0,1
1.05,1.18,-36.07,15.89,866.57,26.47,4.0,4
0.88,1.03,-82.06,18.58,671.4,27.2,0.0,0
1.1,1.06,-58.02,37.49,795.01,24.49,3.0,3
1.06,1.02,-53.67,38.84,559.98,26.9,3.0,3
1.16,0.82,-69.94,37.28,882.2,24.52,4.0,4
1.17,1.14,-38.51,-47.31,869.7,26.11,4.0,4
0.87,0.87,-82.44,-2.24,732.0,24.44,0.0,0
1.07,1.0,-79.65,2.43,506.83,24.53,0.0,0
0.87,0.97,-37.42,-37.74,754.02,26.87,4.0,4
1.08,0.87,-82.67,-9.67,590.41,22.02,0.0,0
0.9,1.14,-79.72,1.69,549.64,23.09,0.0,0
0.99,1.11,-81.93,11.0,876.89,26.39,2.0,2
1.02,0.81,-61.03,6.32,814.52,26.43,1.0,1
0.86,0.8,-73.95,-37.65,713.2,26.29,3.0,3
0.94,0.89,-68.7,-3.42,741.62,26.35,1.0,1
0.88,1.12,-79.53,18.56,702.36,22.58,1.0,1
0.92,1.01,-40.71,-44.16,563.37,25.07,4.0,4
1.0,1.08,-71.98,18.02,834.37,24.35,1.0,1
1.06,0.98,-72.02,-17.9,880.75,24.07,2.0,2
0.83,1.14,-71.12,-1.55,871.29,25.82,1.0,1
1.14,0.94,-82.48,20.16,553.09,22.4,1.0,1
0.86,1.03,-80.07,6.92,614.53,26.69,0.0,0
0.97,1.17,-47.81,-44.53,859.24,26.89,4.0,4
1.04,1.11,-57.11,3.07,650.6,27.54,1.0,1
0.94,1.01,-77.23,10.75,588.55,23.8,1.0,1
0.94,1.18,-45.12,40.16,731.15,26.16,4.0,4
1.2,0.85,-76.0,-13.03,653.89,23.46,1.0,1
1.14,0.9,-39.95,-47.15,863.7,27.96,4.0,4
1.05,0.87,-42.54,15.24,638.04,24.41,2.0,2
0.9,0.89,-83.06,-17.09,533.9,25.76,0.0,0
1.13,1.16,-68.21,43.85,523.2,25.45,3.0,3
1.05,0.87,-54.72,-14.88,871.77,27.12,3.0,3
0.87,0.87,-46.54,41.32,589.02,26.8,4.0,4
0.9,1.14,-79.72,1.69,549.64,23.09,0.0,0
0.94,1.1,-56.88,-26.39,859.83,23.4,3.0,3
1.18,0.82,-84.97,-15.2,550.12,26.42,0.0,0
0.84,1.04,-79.72,-18.78,821.59,22.02,1.0,1
0.85,0.91,-41.62,38.57,569.67,22.2,3.0,3
0.84,0.85,-50.9,35.92,831.81,22.6,4.0,4
0.81,1.11,-67.72,-25.71,603.6,25.57,2.0,2
1.06,0.9,-77.54,-0.82,617.23,25.12,0.0,0
1.15,0.9,-61.85,-20.57,647.21,24.56,2.0,2
1.12,1.01,-57.07,40.59,795.27,25.74,4.0,4
1.05,1.02,-56.06,-20.28,752.29,24.71,3.0,3
1.02,0.92,-83.63,-29.99,674.26,23.62,1.0,1
1.12,0.81,-35.43,-43.94,629.39,23.86,4.0,4
0.98,1.14,-65.9,-6.05,793.19,26.84,1.0,1
1.0,1.11,-75.73,21.84,727.28,23.71,2.0,2
1.02,0.92,-83.63,-29.99,674.26,23.62,1.0,1
1.01,0.91,-74.36,-28.51,848.8,22.27,2.0,2
0.96,1.07,-77.43,5.6,680.69,25.32,0.0,0
0.99,1.1,-40.8,-38.18,561.49,27.17,3.0,3
0.98,1.02,-48.1,-32.3,684.0,26.92,3.0,3
1.12,0.86,-48.97,-6.87,748.12,27.27,2.0,2
0.88,0.89,-47.63,4.22,517.72,27.19,2.0,2
0.82,1.04,-74.19,20.31,609.45,23.49,2.0,2
1.0,1.12,-81.73,-5.42,616.62,23.76,0.0,0
1.09,0.96,-84.05,-5.95,781.43,27.46,0.0,0
1.04,0.9,-62.34,-9.04,751.44,24.87,1.0,1
1.01,1.02,-50.28,-16.43,587.26,26.29,2.0,2
1.0,1.12,-81.73,-5.42,616.62,23.76,0.0,0
0.9,0.93,-79.35,2.62,520.17,25.21,0.0,0
0.97,0.81,-82.86,6.99,693.39,24.56,0.0,0
0.94,0.88,-55.16,47.23,866.92,23.97,4.0,4
0.86,0.95,-67.22,4.52,687.61,27.59,1.0,1
1.13,1.11,-49.63,-7.59,599.11,24.31,2.0,2
1.04,0.99,-70.89,-16.79,800.98,24.27,1.0,1
1.09,0.96,-84.05,-5.95,781.43,27.46,0.0,0
0.88,1.01,-46.49,-39.13,508.18,24.01,3.0,3
0.8,0.94,-80.86,9.31,559.53,23.43,0.0,0
1.12,1.0,-83.91,-11.7,553.21,25.96,1.0,1
0.99,0.94,-50.36,13.97,605.3,25.12,2.0,2
0.97,0.95,-66.64,41.97,735.16,26.65,4.0,4
1.0,0.94,-82.21,39.62,572.75,22.1,2.0,2
0.96,1.02,-39.16,28.02,528.62,25.86,3.0,3
1.16,0.82,-35.39,45.89,862.61,25.08,4.0,4
0.94,1.15,-72.01,8.76,517.44,23.83,0.0,0
0.86,1.12,-76.33,7.11,662.11,22.78,0.0,0
0.84,1.02,-57.68,-12.96,679.91,25.75,2.0,2
0.81,1.09,-42.41,25.83,649.72,26.12,3.0,3
0.87,0.92,-65.56,-16.06,737.79,27.4,2.0,2
1.11,1.08,-71.79,-11.82,762.2,24.72,1.0,1
0.87,1.0,-80.12,-32.15,550.8,23.7,2.0,2
1.14,0.94,-46.71,-44.32,822.81,26.67,4.0,4
0.98,1.05,-75.95,5.38,535.68,26.46,0.0,0
1.14,0.81,-65.48,6.25,744.1,26.95,1.0,1
1.12,1.13,-64.99,48.31,663.34,26.43,3.0,3
0.83,1.05,-74.16,27.49,860.25,26.1,2.0,2
0.92,1.08,-73.63,-6.16,649.9,25.72,0.0,0
0.85,1.0,-66.16,36.3,866.02,23.13,4.0,4
0.99,1.18,-47.09,21.53,713.77,27.37,3.0,3
0.88,1.2,-67.64,19.19,513.28,23.93,2.0,2
0.86,1.09,-66.94,-16.81,822.52,27.14,2.0,2
1.1,1.1,-51.66,19.44,893.14,23.52,3.0,3
1.17,1.06,-76.18,14.06,601.89,27.8,1.0,1
0.84,1.01,-77.35,-5.46,623.4,24.81,0.0,0
0.97,0.88,-59.13,14.3,665.58,23.34,2.0,2
1.16,1.16,-58.57,15.48,797.15,25.14,2.0,2
0.96,1.07,-77.43,5.6,680.69,25.32,0.0,0
0.92,1.03,-36.47,-11.31,710.39,27.79,3.0,3
1.14,0.88,-56.18,-4.98,711.19,26.9,1.0,1
0.94,1.15,-72.01,8.76,517.44,23.83,0.0,0
0.9,0.99,-50.49,-43.06,646.46,26.94,4.0,4
1.18,0.92,-40.93,10.28,614.54,23.36,2.0,2
0.89,0.86,-39.09,46.79,585.32,23.54,4.0,4
0.94,0.86,-41.86,-18.72,789.77,25.0,3.0,3
1.13,1.16,-68.21,43.85,523.2,25.45,3.0,3
1.12,1.0,-68.77,43.69,614.63,24.26,3.0,3
0.84,1.12,-72.95,39.21,894.88,23.26,3.0,3
0.97,1.01,-63.61,40.29,813.37,22.29,4.0,4
0.95,0.95,-76.19,8.57,649.85,25.51,0.0,0
0.91,0.85,-78.92,13.56,658.28,22.13,1.0,1
0.95,1.2,-39.15,40.52,721.59,22.16,4.0,4
0.85,1.1,-83.29,7.21,747.58,27.87,0.0,0
1.08,0.87,-82.67,-9.67,590.41,22.02,0.0,0
1.13,0.84,-61.19,-40.81,873.12,25.08,4.0,4
1.18,1.08,-62.42,-6.95,675.37,22.06,1.0,1
0.97,0.93,-52.09,21.37,639.3,24.43,3.0,3
0.82,0.84,-80.44,-7.0,730.48,24.49,1.0,1
0.91,0.85,-37.68,-29.19,701.87,22.57,4.0,4
1.05,1.06,-37.67,36.69,689.4,26.68,4.0,4
1.09,0.87,-81.18,-10.76,669.4,25.46,1.0,1
0.86,1.09,-66.94,-16.81,822.52,27.14,2.0,2
1.17,0.85,-46.7,28.67,669.13,22.02,3.0,3
0.94,1.18,-37.72,34.21,863.43,24.81,4.0,4
0.81,1.12,-35.42,46.96,821.02,26.36,4.0,4
1.16,0.94,-48.36,-0.42,761.79,23.43,2.0,2
0.93,0.82,-79.3,-31.54,521.57,26.27,2.0,2
0.91,1.01,-77.43,8.05,566.99,26.16,0.0,0
0.99,1.07,-37.95,40.39,667.03,27.01,4.0,4
0.96,1.07,-77.43,5.6,680.69,25.32,0.0,0
0.9,0.94,-45.36,4.26,619.96,25.41,2.0,2
0.95,1.09,-43.08,2.31,777.55,23.14,2.0,2
0.96,0.82,-35.39,-43.87,748.5,22.82,4.0,4
1.07,0.97,-39.98,49.72,599.67,23.55,4.0,4
0.86,1.12,-76.33,7.11,662.11,22.78,0.0,0
0.99,1.1,-58.53,8.71,594.16,22.22,1.0,1
0.9,0.93,-79.35,2.62,520.17,25.21,0.0,0
0.99,1.1,-71.76,-9.09,554.02,27.09,0.0,0
0.86,1.2,-72.49,-5.62,541.25,26.03,0.0,0
1.17,1.19,-36.89,-18.18,590.39,24.53,3.0,3
0.86,1.07,-81.18,-30.95,607.55,22.19,2.0,2
1.17,0.91,-53.65,-17.62,771.45,25.15,3.0,3
0.93,1.01,-76.95,-18.57,509.09,22.97,1.0,1
1.07,1.02,-57.87,-9.05,807.2,24.74,1.0,1
1.17,1.06,-76.18,14.06,601.89,27.8,1.0,1
1.12,0.91,-63.44,-1.08,837.31,23.68,1.0,1
1.0,1.08,-51.9,-37.66,752.59,23.6,4.0,4
0.9,1.14,-37.71,4.6,808.54,24.05,3.0,3
1.15,0.82,-79.99,11.19,889.81,27.15,2.0,2
1.04,1.0,-44.89,42.06,773.09,27.63,4.0,4
0.91,0.89,-73.77,-19.31,738.49,22.87,1.0,1
1.14,1.11,-85.0,-8.74,863.04,27.27,1.0,1
0.9,1.0,-74.47,4.07,651.75,24.63,0.0,0
1.09,1.17,-61.08,-34.26,794.72,25.09,3.0,3
1.14,0.84,-66.34,-6.87,568.42,23.98,1.0,1
1.0,1.08,-51.9,-37.66,752.59,23.6,4.0,4
0.82,0.98,-53.31,-2.34,602.1,27.76,2.0,2
1.16,1.18,-56.83,39.57,561.75,26.9,3.0,3
1.02,1.08,-74.27,37.23,659.25,22.62,2.0,2
1.07,1.0,-79.65,2.43,506.83,24.53,0.0,0
0.91,1.01,-77.43,8.05,566.99,26.16,0.0,0
1.01,0.96,-35.04,-37.57,689.76,26.43,4.0,4
0.92,0.82,-78.84,-2.71,621.98,27.48,0.0,0
1.08,1.13,-56.79,17.25,762.14,23.64,2.0,2
1.18,0.96,-60.26,-4.39,527.04,24.32,1.0,1
0.81,1.14,-70.3,10.01,807.03,23.05,1.0,1
1.16,0.91,-62.94,42.34,829.71,25.98,4.0,4
0.99,1.11,-81.93,11.0,876.89,26.39,2.0,2
1.14,0.84,-66.34,-6.87,568.42,23.98,1.0,1
0.85,0.91,-41.62,38.57,569.67,22.2,3.0,3
1.19,1.13,-46.23,-46.9,815.08,26.64,4.0,4
0.91,1.01,-77.43,8.05,566.99,26.16,0.0,0
0.92,0.86,-62.17,-28.44,741.28,25.93,3.0,3
1.05,0.87,-66.01,-40.17,620.72,27.55,3.0,3
1.18,1.02,-76.97,-6.94,819.92,27.38,1.0,1
0.84,1.02,-47.97,-27.2,572.9,27.52,3.0,3
0.99,0.88,-38.2,17.8,732.2,27.32,3.0,3
1.12,1.2,-79.52,-8.97,753.47,26.2,1.0,1
1.16,0.92,-82.88,-47.83,879.76,22.52,3.0,3
0.82,1.13,-43.86,46.66,874.23,24.8,4.0,4
1.13,0.83,-54.11,3.46,713.28,25.58,2.0,2
0.82,1.19,-36.43,-1.41,604.84,27.31,2.0,2
1.04,0.88,-36.57,43.72,763.9,23.85,4.0,4
0.91,1.01,-77.43,8.05,566.99,26.16,0.0,0
0.85,0.82,-66.48,-13.13,655.55,25.19,2.0,2
0.95,0.95,-47.73,6.49,834.3,27.02,2.0,2
1.12,1.01,-81.95,15.04,863.63,22.82,2.0,2
1.04,0.94,-78.9,-9.37,525.73,22.83,0.0,0
0.98,1.03,-62.62,48.29,793.6,22.47,4.0,4
0.92,1.02,-62.71,-3.5,501.97,27.77,1.0,1
1.19,0.92,-36.9,31.19,592.82,26.5,4.0,4
0.95,1.0,-54.84,-44.48,646.54,25.59,4.0,4
1.18,1.09,-61.5,2.93,548.74,22.37,1.0,1
0.98,0.95,-80.29,-46.35,695.36,22.9,3.0,3
0.93,0.89,-70.08,-45.11,827.09,22.69,3.0,3
0.97,1.18,-83.98,40.28,691.57,22.31,2.0,2
1.01,0.94,-50.27,29.23,546.82,22.76,3.0,3
0.98,0.89,-70.26,-7.69,863.67,27.62,1.0,1
0.97,1.18,-83.98,40.28,691.57,22.31,2.0,2
0.98,1.17,-36.85,24.21,759.23,27.01,4.0,4
1.04,0.85,-76.18,8.22,670.21,27.08,0.0,0
0.81,0.94,-43.14,-48.75,602.71,22.55,4.0,4
0.86,0.89,-79.64,-14.8,731.02,25.2,1.0,1
0.95,0.86,-68.92,-41.85,587.63,25.33,3.0,3
0.93,0.91,-66.16,27.77,510.36,27.7,2.0,2
1.12,0.96,-69.69,16.25,537.52,24.28,2.0,2
0.98,1.09,-64.88,8.49,521.09,25.78,1.0,1
0.88,1.11,-50.98,45.25,563.48,22.73,4.0,4
0.86,0.95,-67.22,4.52,687.61,27.59,1.0,1
0.97,0.81,-82.86,6.99,693.39,24.56,0.0,0
0.96,0.85,-80.74,-9.14,600.1,27.9,0.0,0
0.86,1.2,-72.49,-5.62,541.25,26.03,0.0,0
1.15,0.97,-55.95,3.1,641.71,25.13,1.0,1
0.89,1.15,-70.01,7.95,867.43,27.82,1.0,1
0.96,0.84,-60.59,-22.65,588.9,24.22,2.0,2
1.17,0.91,-67.59,-42.04,568.9,24.42,3.0,3
1.05,1.0,-42.45,0.27,526.75,22.75,2.0,2
0.86,1.04,-71.8,-6.85,789.18,27.96,1.0,1
0.82,1.03,-82.05,34.32,852.66,23.17,2.0,2
0.89,1.01,-82.62,46.22,755.24,23.67,3.0,3
0.98,1.05,-75.95,5.38,535.68,26.46,0.0,0
1.16,1.16,-71.55,43.24,827.39,25.96,3.0,3
0.95,0.89,-54.19,-43.77,663.78,26.13,4.0,4
0.86,0.89,-79.64,-14.8,731.02,25.2,1.0,1
1.16,0.96,-57.1,-2.22,585.08,26.33,1.0,1
1.02,0.92,-83.63,-29.99,674.26,23.62,1.0,1
0.98,1.03,-62.62,48.29,793.6,22.47,4.0,4
0.89,0.88,-84.44,49.78,603.37,24.29,2.0,2
0.82,1.02,-43.61,-27.98,529.18,23.95,3.0,3
1.0,0.85,-50.19,-29.69,778.74,25.21,3.0,3
0.81,0.9,-82.01,20.87,517.61,23.27,1.0,1
0.82,1.09,-47.86,-35.6,873.47,24.63,4.0,4
1.12,0.81,-79.5,3.35,557.09,24.0,0.0,0
0.9,1.0,-74.47,4.07,651.75,24.63,0.0,0
1.19,1.19,-35.78,22.25,596.51,22.93,3.0,3
0.91,1.09,-75.73,15.87,698.07,26.99,1.0,1
0.92,1.13,-84.37,-40.31,735.18,24.93,3.0,3
0.97,0.9,-72.86,-4.98,666.01,25.6,0.0,0
0.95,0.82,-75.95,-7.46,579.69,23.55,0.0,0
0.88,1.03,-82.06,18.58,671.4,27.2,0.0,0
1.15,1.05,-50.88,-27.21,839.33,24.23,3.0,3
0.96,0.91,-80.37,-16.31,835.58,22.02,1.0,1
0.87,1.01,-71.05,5.83,620.46,26.87,0.0,0
0.83,0.86,-58.24,-25.12,671.6,27.48,2.0,2
0.97,1.01,-74.09,-2.07,573.02,22.66,0.0,0
0.94,1.1,-56.88,-26.39,859.83,23.4,3.0,3
1.04,1.02,-35.94,-30.09,564.82,24.05,4.0,4
1.02,0.99,-56.17,41.21,617.79,27.37,3.0,3
1.07,1.11,-36.16,15.46,679.34,23.12,3.0,3
1.12,1.06,-52.25,-6.15,529.74,23.57,2.0,2
1.18,0.97,-70.32,-28.42,643.62,23.37,2.0,2
1.19,1.19,-37.6,-47.78,859.18,24.89,4.0,4
0.86,1.12,-46.09,-7.17,720.14,27.04,2.0,2
0.85,0.87,-39.5,-41.03,756.06,25.6,4.0,4
0.87,0.85,-83.09,-1.5,823.54,27.86,0.0,0
0.84,0.9,-51.61,26.35,629.0,23.76,3.0,3
0.88,1.15,-62.43,-1.0,510.33,24.3,1.0,1
1.01,1.14,-62.77,-20.06,763.35,22.69,3.0,3
1.16,1.09,-83.82,-44.0,562.06,25.72,2.0,2
1.0,0.91,-69.26,5.91,822.25,22.97,1.0,1
1.11,0.82,-71.21,6.65,735.86,22.13,1.0,1
0.81,1.15,-64.99,-17.91,562.42,24.75,2.0,2
1.14,0.8,-48.44,7.97,513.45,24.56,2.0,2
0.97,1.05,-42.06,-4.08,522.71,27.92,2.0,2
1.16,0.96,-57.1,-2.22,585.08,26.33,1.0,1
0.92,1.09,-81.77,14.5,517.34,22.18,1.0,1
0.95,0.88,-59.33,2.82,592.6,27.67,1.0,1
1.06,0.84,-64.44,21.45,747.89,25.47,3.0,3
1.11,0.86,-66.63,-18.88,887.02,23.44,2.0,2
1.06,1.11,-56.21,-15.78,667.69,23.05,2.0,2
1.03,1.1,-47.65,-46.57,790.72,27.49,4.0,4
0.9,1.16,-77.97,35.13,882.5,22.11,3.0,3
0.96,1.02,-68.58,16.9,718.0,27.78,2.0,2
1.02,0.89,-39.3,-42.49,620.11,27.33,4.0,4
0.85,1.17,-37.65,6.63,686.03,22.79,2.0,2
1.07,0.84,-75.49,3.41,764.27,27.41,1.0,1
0.81,0.91,-77.63,-5.36,803.69,25.92,1.0,1
1.14,1.01,-78.53,1.12,799.73,25.54,1.0,1
0.8,0.94,-80.86,9.31,559.53,23.43,0.0,0
0.96,1.07,-77.43,5.6,680.69,25.32,0.0,0
1.1,1.18,-41.36,-5.45,548.03,27.32,2.0,2
1.18,1.05,-68.02,43.62,734.05,26.77,4.0,4
1.07,0.85,-78.25,-12.05,676.18,24.17,1.0,1
0.87,1.01,-71.05,5.83,620.46,26.87,0.0,0
0.97,0.8,-69.27,4.34,816.63,24.2,1.0,1
1.15,1.05,-50.88,-27.21,839.33,24.23,3.0,3
1.07,1.0,-79.65,2.43,506.83,24.53,0.0,0
1.18,0.9,-83.48,9.81,506.74,25.87,0.0,0
1.06,1.08,-79.8,20.46,709.57,25.75,2.0,2
0.97,1.03,-46.59,-30.55,862.87,25.01,4.0,4
1.12,0.9,-84.13,2.78,868.49,23.98,1.0,1
1.0,1.19,-71.66,-8.4,784.86,26.1,1.0,1
1.09,1.19,-58.58,-48.74,537.94,26.11,3.0,3
1.03,0.83,-81.19,-5.75,513.49,27.88,0.0,0
0.9,1.0,-74.47,4.07,651.75,24.63,0.0,0
1.05,1.12,-78.01,-20.65,654.85,24.95,2.0,2
1.06,1.05,-70.31,0.49,536.15,22.88,0.0,0
1.02,1.18,-69.43,-44.49,502.79,23.19,3.0,3
1.1,0.92,-76.72,-2.16,507.83,24.1,0.0,0
1.0,1.0,-39.69,-28.19,635.52,25.53,3.0,3
1.02,0.97,-37.25,44.7,505.63,26.23,4.0,4
1.14,0.89,-76.16,-46.02,678.66,24.29,3.0,3
1.12,0.94,-68.75,23.88,591.38,24.62,2.0,2
0.91,1.03,-54.42,16.26,528.29,24.18,2.0,2
1.03,1.19,-80.33,-23.18,651.76,24.1,2.0,2
0.96,1.08,-58.27,-13.26,696.13,26.6,2.0,2
0.89,1.15,-70.01,7.95,867.43,27.82,1.0,1
0.92,0.82,-81.26,-16.74,763.72,25.98,1.0,1
0.84,0.92,-38.96,8.98,864.85,27.14,3.0,3
1.04,0.97,-62.11,40.78,711.67,22.39,4.0,4
0.97,1.08,-58.94,-43.25,857.48,27.58,4.0,4
0.83,0.89,-76.98,8.84,589.38,26.73,0.0,0
0.98,0.95,-51.3,-36.77,833.27,24.21,4.0,4
1.08,0.87,-82.67,-9.67,590.41,22.02,0.0,0
1.15,0.89,-43.21,-3.17,545.32,24.65,2.0,2
1.1,0.98,-61.43,-40.69,821.05,24.38,4.0,4
0.91,0.95,-52.14,-44.78,697.04,27.97,4.0,4
1.07,0.84,-75.49,3.41,764.27,27.41,1.0,1
1.14,0.94,-40.33,-49.63,553.68,25.85,4.0,4
1.18,0.89,-50.56,13.79,547.67,25.38,2.0,2
1.12,1.16,-64.06,-33.55,534.51,27.27,3.0,3
1.06,0.85,-77.28,15.48,626.21,25.85,1.0,1
0.86,0.99,-42.12,-20.65,876.44,27.31,4.0,4
0.89,1.19,-71.49,36.26,504.3,22.84,2.0,2
1.14,0.87,-46.08,-22.58,822.47,22.45,3.0,3
0.84,0.99,-61.88,-8.32,866.31,27.37,2.0,2
1.18,1.09,-61.5,2.93,548.74,22.37,1.0,1
1.02,0.99,-56.17,41.21,617.79,27.37,3.0,3
0.83,1.09,-51.41,-29.6,838.84,22.21,3.0,3
0.81,1.0,-35.02,-2.14,609.84,25.52,2.0,2
0.82,0.98,-44.67,42.54,839.66,22.35,4.0,4
1.08,1.02,-72.42,43.21,773.94,25.56,3.0,3
0.85,0.99,-75.95,-22.82,747.03,27.06,2.0,2
0.85,0.99,-48.96,-19.14,607.5,26.29,2.0,2
1.09,1.02,-82.84,33.22,703.03,27.44,2.0,2
1.19,0.92,-36.9,31.19,592.82,26.5,4.0,4
0.94,1.1,-58.79,-48.74,829.94,24.92,4.0,4
0.99,0.92,-56.99,46.79,737.28,23.0,4.0,4
1.01,0.85,-51.57,2.99,502.68,27.15,2.0,2
1.16,0.86,-36.52,-23.07,760.32,25.3,4.0,4
1.11,0.92,-36.25,-3.62,806.58,25.07,3.0,3
0.84,0.86,-58.51,-10.67,800.53,25.88,2.0,2
1.15,0.93,-68.25,-25.1,549.2,25.43,2.0,2
0.98,1.07,-62.2,38.25,879.5,27.03,4.0,4
1.01,1.04,-81.36,-8.75,564.98,27.92,0.0,0
0.87,1.11,-39.96,38.65,621.23,23.69,4.0,4
1.11,0.88,-67.34,-42.89,882.37,23.07,4.0,4
1.16,1.13,-70.43,0.6,832.98,26.8,1.0,1
1.05,0.86,-80.45,33.39,693.1,27.26,2.0,2
0.87,1.01,-71.05,5.83,620.46,26.87,0.0,0
0.93,0.92,-66.45,-12.14,683.58,25.4,2.0,2
0.86,0.91,-66.53,20.74,878.38,26.19,3.0,3
1.09,1.1,-52.79,-20.25,870.39,22.69,4.0,4
1.05,1.06,-37.67,36.69,689.4,26.68,4.0,4
0.99,1.08,-66.93,-17.07,891.67,27.8,2.0,2
0.96,0.93,-44.41,42.72,841.0,22.28,4.0,4
1.04,1.0,-38.32,-35.16,726.73,26.15,4.0,4
1.13,0.91,-84.33,8.7,783.59,25.68,0.0,0
1.18,1.13,-37.34,-5.03,779.59,27.71,3.0,3
1.05,1.19,-35.69,-37.62,818.48,26.65,4.0,4
0.87,1.07,-80.78,15.45,841.41,22.75,1.0,1
1.11,0.8,-84.26,4.64,668.74,24.71,0.0,0
0.92,0.9,-74.46,5.93,768.81,23.47,1.0,1
0.99,1.12,-40.0,20.71,667.36,27.01,3.0,3
0.88,1.0,-81.17,12.8,614.14,22.35,1.0,1
0.99,1.02,-45.33,-8.08,855.34,26.25,2.0,2
1.16,1.18,-56.83,39.57,561.75,26.9,3.0,3
0.82,1.03,-57.0,-4.29,579.3,26.31,1.0,1
1.12,1.03,-74.46,-49.34,726.3,27.76,3.0,3
1.14,1.19,-70.06,8.99,844.38,27.56,1.0,1
0.92,1.18,-61.82,7.74,780.41,22.8,1.0,1
0.83,0.82,-47.13,13.46,637.15,26.65,2.0,2
0.96,0.97,-43.95,-46.31,553.57,23.78,4.0,4
0.9,0.8,-39.57,48.46,750.16,22.23,4.0,4
1.14,1.11,-85.0,-8.74,863.04,27.27,1.0,1
0.96,1.17,-39.98,-36.83,883.45,25.19,4.0,4
0.83,0.86,-58.24,-25.12,671.6,27.48,2.0,2
0.92,0.93,-72.03,-4.69,673.57,27.83,0.0,0
1.15,0.96,-45.45,36.14,899.51,22.94,4.0,4
0.87,0.98,-37.47,31.35,649.01,24.13,4.0,4
1.06,1.11,-66.5,3.08,527.63,22.48,1.0,1
1.04,0.85,-76.18,8.22,670.21,27.08,0.0,0
0.91,1.1,-72.71,49.53,583.09,26.56,3.0,3
1.09,0.93,-64.06,-8.46,662.11,22.95,1.0,1
0.86,0.83,-76.89,-12.54,798.11,25.07,1.0,1
0.93,1.08,-79.78,3.73,658.65,23.61,0.0,0
0.92,0.9,-74.46,5.93,768.81,23.47,1.0,1
1.14,1.19,-70.06,8.99,844.38,27.56,1.0,1
1.19,0.85,-54.91,20.44,897.3,27.42,4.0,4
1.13,0.91,-84.33,8.7,783.59,25.68,0.0,0
1.03,1.03,-67.97,32.36,854.02,25.77,4.0,4
0.83,1.2,-54.97,45.67,587.68,24.83,4.0,4
0.87,1.07,-43.99,45.72,547.77,24.54,4.0,4
1.18,1.0,-41.54,43.48,598.24,24.06,4.0,4
0.9,0.99,-50.49,-43.06,646.46,26.94,4.0,4
0.87,0.92,-65.56,-16.06,737.79,27.4,2.0,2
0.96,0.84,-60.59,-22.65,588.9,24.22,2.0,2
1.0,0.91,-69.26,5.91,822.25,22.97,1.0,1
0.82,1.05,-55.08,7.53,832.95,26.14,1.0,1
0.95,0.86,-68.92,-41.85,587.63,25.33,3.0,3
0.91,0.84,-71.55,4.58,557.49,24.55,0.0,0
1.09,1.14,-52.91,10.04,580.96,23.85,2.0,2
1.06,0.86,-48.13,35.14,724.99,26.49,4.0,4
1.15,0.91,-38.75,-19.72,816.75,22.81,3.0,3
1.19,1.15,-72.88,-6.24,750.35,22.77,1.0,1
1.13,0.93,-69.54,9.05,675.82,23.78,1.0,1
0.87,1.04,-76.48,-13.16,574.26,27.91,1.0,1
1.02,0.91,-61.0,49.79,541.21,25.5,3.0,3
0.97,1.1,-48.67,39.85,524.68,22.91,3.0,3
1.05,0.81,-40.57,5.52,828.14,24.63,2.0,2
0.94,1.18,-84.37,1.98,539.43,27.13,0.0,0
1.2,1.08,-73.67,44.26,541.59,22.4,3.0,3
0.93,0.84,-63.06,9.27,716.48,26.44,1.0,1
0.87,0.81,-74.74,-40.93,886.47,25.34,4.0,4
1.06,1.08,-79.8,20.46,709.57,25.75,2.0,2
1.12,1.15,-74.71,-4.92,715.2,27.94,1.0,1
1.01,0.82,-81.92,8.89,638.24,25.18,0.0,0
0.97,0.89,-58.53,-44.85,743.22,22.83,4.0,4
0.94,0.86,-55.59,-29.01,809.98,22.99,3.0,3
1.06,0.9,-77.54,-0.82,617.23,25.12,0.0,0
0.99,1.13,-53.46,-11.36,828.76,25.31,3.0,3
1.11,1.1,-55.8,49.79,871.27,26.19,4.0,4
0.89,1.08,-74.59,12.61,722.49,22.14,1.0,1
1.01,0.82,-81.92,8.89,638.24,25.18,0.0,0
1.05,0.87,-66.01,-40.17,620.72,27.55,3.0,3
0.96,0.85,-80.74,-9.14,600.1,27.9,0.0,0
1.06,0.9,-77.54,-0.82,617.23,25.12,0.0,0
0.86,0.89,-46.94,1.39,544.56,23.54,2.0,2
0.86,1.12,-64.75,-36.71,717.32,23.54,3.0,3
0.83,0.82,-47.13,13.46,637.15,26.65,2.0,2
0.95,0.95,-76.19,8.57,649.85,25.51,0.0,0
0.93,0.84,-63.06,9.27,716.48,26.44,1.0,1
1.17,1.19,-36.89,-18.18,590.39,24.53,3.0,3
1.12,0.81,-79.5,3.35,557.09,24.0,0.0,0
1.01,1.05,-58.73,-9.6,668.29,23.78,1.0,1
0.86,0.8,-73.95,-37.65,713.2,26.29,3.0,3
0.86,1.12,-76.33,7.11,662.11,22.78,0.0,0
1.16,0.89,-61.19,33.46,639.72,27.91,3.0,3
1.01,0.95,-59.47,3.77,546.05,23.09,1.0,1
0.98,0.91,-77.78,-42.12,591.63,26.94,3.0,3
1.16,1.05,-73.43,7.69,510.94,23.2,1.0,1
0.83,0.91,-78.4,-0.18,686.25,24.88,0.0,0
0.89,1.05,-46.25,-7.8,853.36,25.89,2.0,2
0.96,0.95,-47.47,-9.79,536.0,22.67,2.0,2
1.04,0.91,-78.21,4.0,671.71,22.01,0.0,0
0.82,0.92,-45.76,7.57,753.67,23.95,2.0,2
1.01,0.82,-81.92,8.89,638.24,25.18,0.0,0
1.11,1.1,-82.64,-11.95,602.08,24.22,1.0,1
0.88,1.16,-35.51,-25.02,633.05,22.09,3.0,3
1.18,1.09,-61.5,2.93,548.74,22.37,1.0,1
1.11,0.86,-66.63,-18.88,887.02,23.44,2.0,2
1.06,0.9,-77.54,-0.82,617.23,25.12,0.0,0
1.08,1.02,-84.39,-0.38,549.94,26.9,0.0,0
0.93,1.02,-63.78,-7.85,516.14,27.55,1.0,1
1.0,0.81,-83.02,-15.52,596.47,25.05,0.0,0
0.87,1.01,-71.05,5.83,620.46,26.87,0.0,0
0.97,1.07,-81.31,3.35,806.83,24.04,1.0,1
1.09,0.96,-84.05,-5.95,781.43,27.46,0.0,0
0.84,0.97,-41.01,32.78,695.96,26.81,3.0,3
1.15,0.94,-69.05,-25.08,753.27,24.84,3.0,3
1.03,0.83,-55.75,42.53,768.16,25.31,4.0,4
0.96,1.12,-37.81,35.11,817.59,22.25,4.0,4
1.06,1.19,-79.75,-5.9,666.8,22.73,1.0,1
1.18,0.9,-83.48,9.81,506.74,25.87,0.0,0
0.94,0.97,-60.17,28.43,839.92,22.24,3.0,3
1.15,0.97,-55.95,3.1,641.71,25.13,1.0,1
1.16,1.07,-59.42,8.95,710.55,24.04,1.0,1
1.19,1.04,-69.85,-2.72,653.73,22.05,1.0,1
0.84,1.01,-77.35,-5.46,623.4,24.81,0.0,0
1.09,0.99,-60.24,-21.1,740.19,23.08,3.0,3
1.17,1.19,-40.22,46.72,640.03,23.48,4.0,4
1.09,1.15,-35.64,43.38,556.15,25.92,4.0,4
1.17,0.89,-38.79,8.55,885.28,25.21,3.0,3
0.9,1.18,-35.06,25.96,786.32,26.06,4.0,4
1.15,1.1,-69.88,-1.16,708.0,26.92,1.0,1
0.91,1.1,-72.71,49.53,583.09,26.56,3.0,3
1.07,1.0,-79.65,2.43,506.83,24.53,0.0,0
1.05,1.06,-78.07,23.34,706.43,25.72,2.0,2
1.05,1.13,-81.34,-46.65,608.63,24.41,3.0,3
1.07,1.0,-79.65,2.43,506.83,24.53,0.0,0
1.06,0.87,-64.03,0.73,829.49,22.95,1.0,1
0.81,0.94,-43.14,-48.75,602.71,22.55,4.0,4
1.1,1.03,-56.1,-27.86,583.37,24.67,2.0,2
1.0,0.81,-83.02,-15.52,596.47,25.05,0.0,0
1.11,1.1,-82.64,-11.95,602.08,24.22,1.0,1
1.04,1.08,-71.25,13.33,660.22,24.04,1.0,1
0.88,1.12,-79.53,18.56,702.36,22.58,1.0,1
1.16,0.86,-36.52,-23.07,760.32,25.3,4.0,4
0.99,1.1,-71.76,-9.09,554.02,27.09,0.0,0
1.2,0.85,-76.0,-13.03,653.89,23.46,1.0,1
0.93,0.92,-59.1,40.67,831.4,25.41,4.0,4
1.18,0.97,-70.32,-28.42,643.62,23.37,2.0,2
0.92,0.96,-36.1,-44.49,644.99,22.25,4.0,4
1.19,0.94,-64.09,45.4,807.6,26.91,4.0,4
0.96,0.85,-80.74,-9.14,600.1,27.9,0.0,0
1.14,1.11,-58.1,-24.74,757.68,25.78,3.0,3
0.98,1.14,-65.9,-6.05,793.19,26.84,1.0,1
0.87,0.88,-59.37,-30.94,549.71,25.25,3.0,3
1.18,1.15,-37.07,14.31,877.36,26.22,4.0,4
0.86,1.07,-56.73,-4.86,716.11,22.3,1.0,1
0.87,1.19,-68.05,22.58,576.39,26.88,2.0,2
1.0,1.17,-43.13,43.68,713.24,26.47,4.0,4
0.83,0.89,-76.98,8.84,589.38,26.73,0.0,0
1.06,0.8,-57.58,-24.47,645.95,27.61,2.0,2
0.99,0.84,-43.31,-42.09,726.73,26.7,4.0,4
1.05,1.04,-59.58,8.78,843.74,27.56,1.0,1
0.92,1.17,-54.3,-41.97,643.15,24.01,4.0,4
0.97,1.01,-63.61,40.29,813.37,22.29,4.0,4
0.9,0.85,-53.63,-49.47,739.17,25.04,4.0,4
0.92,0.82,-78.84,-2.71,621.98,27.48,0.0,0
0.91,0.99,-74.5,46.21,639.27,27.48,3.0,3
0.84,1.01,-77.35,-5.46,623.4,24.81,0.0,0
0.85,1.17,-68.13,35.55,714.57,24.21,3.0,3
1.19,0.9,-60.45,42.8,514.59,23.41,3.0,3
0.99,0.9,-80.74,-35.24,774.83,27.59,3.0,3
1.05,0.91,-69.24,-21.47,885.14,24.09,3.0,3
1.09,1.19,-55.68,-40.46,531.82,27.7,3.0,3
1.03,0.96,-64.06,13.15,582.82,27.74,2.0,2
0.94,1.02,-43.55,30.59,532.03,22.66,3.0,3
0.84,1.01,-81.52,-18.91,796.32,22.78,1.0,1
0.89,1.18,-55.87,33.21,614.49,27.87,3.0,3
0.92,1.08,-73.63,-6.16,649.9,25.72,0.0,0
1.12,0.88,-72.61,-39.49,668.14,27.7,2.0,2
1.08,1.02,-84.39,-0.38,549.94,26.9,0.0,0
0.9,0.89,-83.06,-17.09,533.9,25.76,0.0,0
0.93,0.84,-71.01,6.66,711.61,25.01,1.0,1
0.96,0.8,-38.43,-9.55,574.17,27.7,2.0,2
0.94,1.05,-80.85,-14.88,526.6,24.0,1.0,1
0.9,0.93,-79.35,2.62,520.17,25.21,0.0,0
1.04,0.94,-78.9,-9.37,525.73,22.83,0.0,0
1.11,1.14,-59.13,13.38,729.31,22.28,2.0,2
0.89,1.05,-46.25,-7.8,853.36,25.89,2.0,2
0.84,1.09,-50.6,-4.52,500.11,25.36,2.0,2
1.13,0.96,-36.28,33.6,596.04,26.35,4.0,4
0.86,0.98,-35.75,26.37,748.62,27.31,4.0,4
1.18,1.15,-68.85,-49.9,560.42,23.9,3.0,3
0.94,1.1,-56.88,-26.39,859.83,23.4,3.0,3
0.97,1.03,-46.59,-30.55,862.87,25.01,4.0,4
1.18,0.82,-84.97,-15.2,550.12,26.42,0.0,0
1.02,1.15,-61.69,-49.31,870.99,25.76,4.0,4
1.08,0.8,-72.86,9.26,792.25,24.14,1.0,1
1.12,1.0,-83.91,-11.7,553.21,25.96,1.0,1
0.99,1.11,-58.06,-29.77,868.72,25.09,3.0,3
1.0,1.12,-80.66,-5.41,778.03,22.91,1.0,1
1.01,1.04,-81.36,-8.75,564.98,27.92,0.0,0
0.84,0.87,-45.23,-41.09,684.8,23.98,4.0,4
1.07,0.96,-68.68,39.68,570.8,25.96,3.0,3
0.98,0.84,-73.83,-14.99,813.67,24.39,1.0,1
1.04,0.81,-76.7,-0.17,572.32,27.89,0.0,0
1.16,1.2,-53.65,-5.8,793.72,26.27,2.0,2
0.92,1.01,-40.71,-44.16,563.37,25.07,4.0,4
0.97,1.01,-74.09,-2.07,573.02,22.66,0.0,0
1.04,0.99,-70.89,-16.79,800.98,24.27,1.0,1
1.12,1.03,-79.74,-22.55,527.12,24.95,2.0,2
1.08,0.92,-77.49,19.51,614.45,24.28,1.0,1
1.14,0.88,-55.7,-13.13,588.99,24.7,2.0,2
0.84,0.94,-76.44,18.79,572.48,22.22,1.0,1
0.99,1.04,-83.19,-45.2,571.01,24.24,2.0,2
1.06,1.01,-76.97,24.47,814.96,23.17,2.0,2
0.82,0.81,-70.68,45.62,848.29,23.84,3.0,3
1.15,1.08,-72.91,6.82,851.19,23.07,1.0,1
1.18,0.82,-65.58,48.95,894.7,27.76,4.0,4
0.92,0.93,-72.03,-4.69,673.57,27.83,0.0,0
0.99,1.17,-71.63,10.57,574.59,25.04,1.0,1
0.98,0.94,-80.64,15.29,702.9,26.88,1.0,1
0.99,0.83,-75.11,48.89,649.51,25.63,3.0,3
0.97,0.95,-66.64,41.97,735.16,26.65,4.0,4
0.84,1.18,-45.66,16.38,588.13,23.8,2.0,2
1.19,1.16,-36.31,46.48,627.28,26.75,4.0,4
1.15,0.89,-43.21,-3.17,545.32,24.65,2.0,2
0.89,0.9,-48.84,15.43,511.36,26.01,2.0,2
1.05,1.11,-66.97,-11.3,501.11,24.44,2.0,2
0.97,0.93,-52.09,21.37,639.3,24.43,3.0,3
0.93,1.05,-71.93,10.29,768.59,25.63,1.0,1
1.0,0.81,-83.02,-15.52,596.47,25.05,0.0,0
0.95,0.89,-67.09,-41.8,582.78,25.4,3.0,3
1.09,0.9,-41.26,-24.15,566.51,27.17,3.0,3
0.9,1.16,-46.44,12.7,734.8,25.09,3.0,3
1.12,0.91,-82.61,24.41,588.57,24.35,1.0,1
1.08,0.99,-47.7,39.7,769.89,25.21,4.0,4
1.16,1.16,-58.57,15.48,797.15,25.14,2.0,2
1.18,1.08,-84.79,2.93,854.44,27.15,1.0,1
0.87,1.01,-71.05,5.83,620.46,26.87,0.0,0
1.01,0.83,-47.47,37.49,809.61,25.46,4.0,4
0.96,0.82,-35.39,-43.87,748.5,22.82,4.0,4
0.86,1.12,-76.33,7.11,662.11,22.78,0.0,0
1.08,0.87,-82.67,-9.67,590.41,22.02,0.0,0
1.0,1.08,-51.9,-37.66,752.59,23.6,4.0,4
0.92,0.93,-72.03,-4.69,673.57,27.83,0.0,0
1.14,1.16,-77.87,29.14,822.9,27.94,2.0,2
1.0,1.03,-35.7,-37.2,755.92,27.62,4.0,4
1.09,1.19,-77.99,48.65,707.37,22.09,3.0,3
0.99,1.17,-46.55,39.03,789.35,23.97,4.0,4
0.89,0.86,-69.58,-15.49,716.99,23.06,2.0,2
1.12,0.81,-79.5,3.35,557.09,24.0,0.0,0
1.12,1.1,-62.5,29.04,651.39,25.95,2.0,2
0.97,0.81,-82.86,6.99,693.39,24.56,0.0,0
0.84,0.87,-45.23,-41.09,684.8,23.98,4.0,4
0.93,0.99,-41.26,-44.06,735.78,26.52,4.0,4
1.0,1.12,-81.73,-5.42,616.62,23.76,0.0,0
1.14,1.01,-78.53,1.12,799.73,25.54,1.0,1
0.99,1.08,-66.93,-17.07,891.67,27.8,2.0,2
1.13,0.93,-38.98,49.35,593.85,22.45,4.0,4
1.18,0.88,-59.78,-38.34,746.25,24.39,3.0,3
0.96,1.19,-61.84,-37.01,642.74,24.7,3.0,3
1.07,0.96,-81.05,-47.17,665.73,26.43,3.0,3
0.92,1.2,-78.97,-28.83,867.41,23.31,2.0,2
1.04,0.9,-62.34,-9.04,751.44,24.87,1.0,1
0.98,0.94,-80.64,15.29,702.9,26.88,1.0,1
1.01,0.82,-81.92,8.89,638.24,25.18,0.0,0
1.2,1.07,-78.77,-30.88,754.27,23.54,3.0,3
1.15,1.04,-40.17,-42.68,881.98,25.1,4.0,4
1.16,0.92,-38.79,18.33,644.29,23.65,3.0,3
1.03,1.02,-48.99,-0.64,726.9,26.24,2.0,2
0.96,0.88,-62.42,-42.78,673.94,25.26,3.0,3
1.05,1.04,-51.52,-46.89,668.39,25.81,4.0,4
1.04,0.93,-82.18,-40.85,563.65,26.55,2.0,2
0.94,1.15,-72.01,8.76,517.44,23.83,0.0,0
0.82,0.82,-73.09,-35.31,690.58,26.61,2.0,2
0.97,0.9,-72.86,-4.98,666.01,25.6,0.0,0
0.83,0.82,-59.55,-49.74,515.63,22.87,3.0,3
1.12,1.01,-57.07,40.59,795.27,25.74,4.0,4
1.08,0.84,-48.04,43.4,846.02,27.44,4.0,4
0.8,0.94,-80.86,9.31,559.53,23.43,0.0,0
0.84,1.01,-77.35,-5.46,623.4,24.81,0.0,0
0.93,1.08,-79.78,3.73,658.65,23.61,0.0,0
1.02,0.92,-83.63,-29.99,674.26,23.62,1.0,1
1.08,1.02,-84.39,-0.38,549.94,26.9,0.0,0
1.04,1.01,-66.66,39.98,677.99,25.11,3.0,3
0.97,0.84,-68.15,-31.42,568.02,26.46,3.0,3
0.96,0.91,-80.37,-16.31,835.58,22.02,1.0,1
1.12,0.81,-79.5,3.35,557.09,24.0,0.0,0
0.92,1.1,-37.91,19.84,665.57,25.26,3.0,3
0.97,1.01,-74.09,-2.07,573.02,22.66,0.0,0
0.93,1.02,-63.78,-7.85,516.14,27.55,1.0,1
1.09,1.05,-52.3,21.44,545.96,25.17,3.0,3
1.1,1.15,-49.33,23.56,824.39,25.69,3.0,3
0.84,1.02,-63.84,-23.69,819.3,24.24,3.0,3
1.01,0.85,-73.83,-47.12,705.65,24.05,3.0,3
0.97,1.07,-57.97,-1.85,741.36,23.06,1.0,1
1.12,0.81,-79.5,3.35,557.09,24.0,0.0,0
1.09,1.12,-65.42,-31.62,896.49,22.99,4.0,4
0.88,1.15,-62.43,-1.0,510.33,24.3,1.0,1
1.08,0.87,-82.67,-9.67,590.41,22.02,0.0,0
0.96,0.83,-68.04,-11.52,557.9,25.71,2.0,2
0.84,1.02,-63.84,-23.69,819.3,24.24,3.0,3
1.19,1.15,-72.88,-6.24,750.35,22.77,1.0,1
0.87,0.85,-83.09,-1.5,823.54,27.86,0.0,0
1.01,0.96,-57.12,15.13,560.83,27.53,2.0,2
0.97,0.81,-82.86,6.99,693.39,24.56,0.0,0
0.85,0.9,-67.13,-32.32,819.81,26.34,3.0,3
1.15,1.2,-35.87,1.33,752.92,22.76,3.0,3
1.02,1.0,-53.26,-16.44,521.89,27.82,2.0,2
1.2,0.81,-36.58,-49.7,825.19,26.95,4.0,4
1.18,0.89,-48.75,13.72,676.62,26.52,2.0,2
0.97,0.81,-82.86,6.99,693.39,24.56,0.0,0
0.91,1.09,-75.73,15.87,698.07,26.99,1.0,1
0.81,1.14,-70.3,10.01,807.03,23.05,1.0,1
0.81,0.98,-75.32,-14.53,829.44,27.08,1.0,1
0.92,0.9,-74.46,5.93,768.81,23.47,1.0,1
0.93,1.19,-83.95,-27.13,852.83,25.67,2.0,2
1.11,0.87,-63.49,32.48,861.04,26.27,4.0,4
0.9,0.93,-79.35,2.62,520.17,25.21,0.0,0
1.14,0.99,-61.86,14.79,610.53,24.99,2.0,2
0.97,1.1,-48.67,39.85,524.68,22.91,3.0,3
1.01,1.05,-58.73,-9.6,668.29,23.78,1.0,1
0.94,1.15,-72.01,8.76,517.44,23.83,0.0,0
0.97,1.01,-74.09,-2.07,573.02,22.66,0.0,0
1.04,0.94,-78.9,-9.37,525.73,22.83,0.0,0
0.92,0.93,-74.59,14.71,746.12,23.36,1.0,1
0.99,1.08,-66.93,-17.07,891.67,27.8,2.0,2
1.08,1.02,-84.39,-0.38,549.94,26.9,0.0,0
1.04,0.9,-62.34,-9.04,751.44,24.87,1.0,1
1.0,1.12,-81.73,-5.42,616.62,23.76,0.0,0
1.02,1.13,-45.24,2.2,547.83,24.11,2.0,2
0.92,0.93,-72.03,-4.69,673.57,27.83,0.0,0
1.17,1.14,-38.51,-47.31,869.7,26.11,4.0,4
0.94,0.86,-55.59,-29.01,809.98,22.99,3.0,3
1.02,1.11,-75.32,23.4,823.17,24.6,2.0,2
1.1,0.97,-72.33,-9.28,876.37,27.93,1.0,1
0.83,0.93,-60.51,27.28,647.78,22.68,2.0,2
0.88,0.94,-54.13,33.56,510.24,26.5,3.0,3
0.97,1.18,-44.04,-26.87,876.32,26.63,4.0,4
0.9,0.99,-50.49,-43.06,646.46,26.94,4.0,4
0.89,0.91,-73.17,13.53,699.58,25.18,1.0,1
1.12,1.07,-36.02,41.56,785.77,24.56,4.0,4
0.88,1.11,-50.98,45.25,563.48,22.73,4.0,4
0.88,1.15,-62.43,-1.0,510.33,24.3,1.0,1
1.07,0.84,-75.49,3.41,764.27,27.41,1.0,1
0.82,0.86,-35.66,-29.03,785.27,27.93,4.0,4
1.18,1.12,-59.22,8.29,540.75,25.02,1.0,1
0.91,0.91,-38.46,-18.15,748.04,27.81,3.0,3
1.04,0.94,-78.9,-9.37,525.73,22.83,0.0,0
0.85,1.08,-61.62,-5.51,648.16,22.82,1.0,1
0.87,1.11,-38.38,2.53,597.77,22.84,2.0,2
0.9,0.89,-83.06,-17.09,533.9,25.76,0.0,0
1.0,0.81,-83.02,-15.52,596.47,25.05,0.0,0
1.08,1.17,-70.26,36.07,674.39,27.48,2.0,2
0.83,0.86,-62.57,-32.35,743.4,24.0,3.0,3
0.89,0.99,-59.6,32.6,613.95,22.18,3.0,3
0.9,0.82,-84.07,18.85,758.39,22.7,1.0,1
0.95,1.19,-66.22,-5.69,811.01,27.61,1.0,1
1.14,0.88,-56.18,-4.98,711.19,26.9,1.0,1
0.99,1.17,-46.55,39.03,789.35,23.97,4.0,4
0.98,1.18,-75.01,7.12,897.57,27.36,1.0,1
1.02,1.1,-75.73,-32.24,780.66,23.9,3.0,3
1.04,0.98,-78.51,16.46,879.41,25.88,2.0,2
1.0,1.0,-39.69,-28.19,635.52,25.53,3.0,3
1.08,0.99,-47.7,39.7,769.89,25.21,4.0,4
1.18,0.92,-40.93,10.28,614.54,23.36,2.0,2
0.94,1.18,-84.37,1.98,539.43,27.13,0.0,0
0.87,0.87,-46.54,41.32,589.02,26.8,4.0,4
1.07,0.89,-52.27,-24.27,686.31,24.16,3.0,3
0.94,1.1,-56.88,-26.39,859.83,23.4,3.0,3
0.82,0.82,-56.53,-25.24,524.72,24.9,2.0,2
0.87,1.01,-82.42,17.62,523.26,22.4,0.0,0
0.97,0.8,-69.27,4.34,816.63,24.2,1.0,1
0.81,0.9,-61.84,-7.26,616.73,25.58,1.0,1
0.8,0.94,-80.86,9.31,559.53,23.43,0.0,0
0.86,1.03,-80.07,6.92,614.53,26.69,0.0,0
1.0,1.05,-44.54,10.18,844.89,27.18,3.0,3
0.93,1.08,-79.78,3.73,658.65,23.61,0.0,0
0.9,1.18,-58.25,-0.73,849.62,26.68,1.0,1
0.91,1.03,-54.42,16.26,528.29,24.18,2.0,2
1.0,1.11,-75.73,21.84,727.28,23.71,2.0,2
0.83,0.9,-58.34,2.92,865.34,25.57,2.0,2
0.87,1.01,-82.42,17.62,523.26,22.4,0.0,0
0.81,0.86,-54.06,48.36,804.43,27.15,4.0,4
0.83,0.91,-78.4,-0.18,686.25,24.88,0.0,0
0.99,1.13,-53.46,-11.36,828.76,25.31,3.0,3
1.07,1.16,-39.13,-3.49,876.52,23.68,3.0,3
0.9,1.14,-36.14,-9.98,775.76,25.42,3.0,3
0.97,0.89,-58.53,-44.85,743.22,22.83,4.0,4
0.98,0.94,-80.64,15.29,702.9,26.88,1.0,1
1.2,1.15,-51.09,-23.27,572.9,25.91,3.0,3
0.91,1.15,-38.01,-37.27,608.47,26.57,4.0,4
0.88,1.01,-41.49,-41.67,725.32,25.49,4.0,4
1.04,0.86,-55.95,19.43,839.51,22.37,2.0,2
0.93,0.86,-81.59,-18.06,604.41,27.95,1.0,1
0.87,1.01,-71.05,5.83,620.46,26.87,0.0,0
0.9,0.99,-50.49,-43.06,646.46,26.94,4.0,4
0.88,1.01,-46.49,-39.13,508.18,24.01,3.0,3
1.12,0.91,-82.61,24.41,588.57,24.35,1.0,1
0.86,0.86,-53.37,35.63,865.89,22.8,4.0,4
0.89,1.08,-74.59,12.61,722.49,22.14,1.0,1
0.87,0.85,-83.09,-1.5,823.54,27.86,0.0,0
0.87,0.87,-82.44,-2.24,732.0,24.44,0.0,0
1.18,0.9,-83.48,9.81,506.74,25.87,0.0,0
0.91,0.96,-40.24,-46.99,551.65,26.72,4.0,4
1.06,1.08,-79.8,20.46,709.57,25.75,2.0,2
0.98,1.14,-59.79,6.22,683.61,23.54,1.0,1
1.15,1.19,-60.53,8.48,548.35,26.55,1.0,1
0.93,0.98,-37.82,48.93,565.07,24.44,4.0,4
1.08,0.87,-82.67,-9.67,590.41,22.02,0.0,0
0.96,0.8,-38.43,-9.55,574.17,27.7,2.0,2
0.86,1.12,-76.33,7.11,662.11,22.78,0.0,0
0.89,0.86,-39.09,46.79,585.32,23.54,4.0,4
1.16,0.96,-57.1,-2.22,585.08,26.33,1.0,1
0.9,0.85,-53.63,-49.47,739.17,25.04,4.0,4
1.11,1.17,-42.34,-1.36,795.71,25.75,2.0,2
1.11,1.17,-78.15,-6.19,760.95,23.58,1.0,1
0.94,1.1,-56.88,-26.39,859.83,23.4,3.0,3
1.01,1.02,-50.28,-16.43,587.26,26.29,2.0,2
1.14,0.81,-65.48,6.25,744.1,26.95,1.0,1
1.08,0.84,-48.04,43.4,846.02,27.44,4.0,4
0.89,0.86,-39.09,46.79,585.32,23.54,4.0,4
1.04,1.1,-72.55,13.18,634.32,25.72,1.0,1
1.11,0.8,-84.26,4.64,668.74,24.71,0.0,0
1.1,0.94,-71.24,1.06,568.97,26.73,0.0,0
1.14,0.99,-61.86,14.79,610.53,24.99,2.0,2
1.05,0.92,-79.4,6.36,577.52,23.73,0.0,0
0.97,0.81,-82.86,6.99,693.39,24.56,0.0,0
1.1,1.14,-73.53,2.48,719.02,24.68,1.0,1
1.04,0.85,-76.18,8.22,670.21,27.08,0.0,0
1.11,0.85,-40.34,-20.27,758.18,23.01,3.0,3
0.9,0.93,-79.35,2.62,520.17,25.21,0.0,0
1.1,0.92,-76.72,-2.16,507.83,24.1,0.0,0
0.95,0.95,-76.19,8.57,649.85,25.51,0.0,0
0.92,0.93,-72.03,-4.69,673.57,27.83,0.0,0
0.9,1.0,-74.47,4.07,651.75,24.63,0.0,0
1.12,0.81,-79.5,3.35,557.09,24.0,0.0,0
1.15,1.0,-48.99,26.54,638.09,27.57,3.0,3
1.05,0.85,-78.47,23.3,522.41,22.58,2.0,2
0.82,0.91,-51.68,-5.13,537.1,25.91,2.0,2
0.94,1.18,-84.37,1.98,539.43,27.13,0.0,0
1.05,0.85,-78.47,23.3,522.41,22.58,2.0,2
0.95,0.88,-53.12,-43.25,876.0,22.7,4.0,4
0.8,0.94,-80.86,9.31,559.53,23.43,0.0,0
1.12,0.81,-35.43,-43.94,629.39,23.86,4.0,4
0.87,1.01,-71.05,5.83,620.46,26.87,0.0,0
1.0,1.08,-51.9,-37.66,752.59,23.6,4.0,4
1.08,0.92,-77.49,19.51,614.45,24.28,1.0,1
0.99,1.1,-71.76,-9.09,554.02,27.09,0.0,0
0.97,1.07,-81.31,3.35,806.83,24.04,1.0,1
1.16,1.17,-71.04,-43.89,798.33,22.61,3.0,3
0.85,0.8,-36.56,-25.88,608.51,27.43,3.0,3
0.88,0.85,-52.76,14.28,740.4,24.94,3.0,3
1.11,1.1,-82.64,-11.95,602.08,24.22,1.0,1
1.03,1.08,-75.99,43.55,578.91,23.59,3.0,3
1.03,1.01,-76.13,-38.04,847.46,27.88,3.0,3
0.88,1.12,-79.53,18.56,702.36,22.58,1.0,1
1.01,0.95,-59.47,3.77,546.05,23.09,1.0,1
1.14,0.99,-73.68,-39.29,779.41,24.52,3.0,3
0.86,0.81,-59.27,-11.72,585.39,26.61,2.0,2
1.18,1.0,-39.8,-33.52,880.87,27.98,4.0,4
1.09,0.88,-53.71,-40.64,547.63,25.92,4.0,4
0.99,1.09,-84.99,45.32,738.97,24.08,3.0,3
0.88,1.03,-82.06,18.58,671.4,27.2,0.0,0
1.07,0.97,-72.82,-45.84,606.66,25.77,3.0,3
1.1,0.94,-71.24,1.06,568.97,26.73,0.0,0
1.18,1.08,-62.42,-6.95,675.37,22.06,1.0,1
1.04,0.93,-49.49,-12.41,544.87,25.22,2.0,2
0.96,1.12,-37.81,35.11,817.59,22.25,4.0,4
0.88,1.03,-82.06,18.58,671.4,27.2,0.0,0
1.03,0.83,-81.19,-5.75,513.49,27.88,0.0,0
0.96,0.94,-77.32,-11.91,651.25,27.07,1.0,1
1.13,1.1,-37.47,0.87,578.75,22.82,2.0,2
1.01,1.06,-64.06,5.65,803.29,27.1,1.0,1
1.04,0.93,-49.49,-12.41,544.87,25.22,2.0,2
0.89,0.91,-73.17,13.53,699.58,25.18,1.0,1
1.17,1.09,-55.09,-28.4,822.93,25.72,3.0,3
1.1,1.15,-49.33,23.56,824.39,25.69,3.0,3
0.84,1.02,-47.97,-27.2,572.9,27.52,3.0,3
0.93,1.02,-83.82,-39.38,841.83,24.93,2.0,2
0.88,0.94,-82.75,16.7,674.9,24.29,0.0,0
1.17,0.88,-41.25,-20.25,782.39,23.37,3.0,3
1.12,1.13,-64.99,48.31,663.34,26.43,3.0,3
0.94,1.15,-72.01,8.76,517.44,23.83,0.0,0
1.06,0.9,-61.84,43.94,884.2,22.57,4.0,4
0.91,1.17,-48.74,-25.73,807.64,24.01,3.0,3
0.94,1.15,-72.01,8.76,517.44,23.83,0.0,0
0.82,0.82,-56.53,-25.24,524.72,24.9,2.0,2
0.94,1.15,-72.01,8.76,517.44,23.83,0.0,0
0.83,0.89,-76.98,8.84,589.38,26.73,0.0,0
1.07,0.92,-73.51,-31.97,713.84,23.68,3.0,3
1.07,1.0,-79.65,2.43,506.83,24.53,0.0,0
1.1,0.95,-52.25,13.77,820.18,26.51,3.0,3
1.11,1.1,-82.64,-11.95,602.08,24.22,1.0,1
1.09,0.96,-84.05,-5.95,781.43,27.46,0.0,0
0.92,1.19,-43.79,11.01,806.51,27.29,3.0,3
0.81,0.91,-77.63,-5.36,803.69,25.92,1.0,1
0.83,0.87,-35.84,7.74,710.03,23.62,3.0,3
1.08,1.02,-84.39,-0.38,549.94,26.9,0.0,0
0.89,1.17,-66.71,21.17,819.0,26.0,3.0,3
0.88,1.03,-82.06,18.58,671.4,27.2,0.0,0
0.8,0.94,-80.86,9.31,559.53,23.43,0.0,0
0.83,0.93,-60.51,27.28,647.78,22.68,2.0,2
1.02,0.84,-84.17,-47.96,553.64,25.16,2.0,2
1.1,0.92,-76.72,-2.16,507.83,24.1,0.0,0
1.04,0.85,-76.18,8.22,670.21,27.08,0.0,0
0.94,0.82,-54.31,33.06,867.3,23.09,4.0,4
0.91,1.16,-83.07,0.2,625.55,25.67,0.0,0
0.91,1.08,-74.61,37.32,715.56,22.47,3.0,3
1.11,1.15,-73.43,13.24,635.61,23.36,1.0,1
1.04,1.08,-83.12,-31.86,845.12,24.36,2.0,2
1.06,0.98,-62.8,22.59,501.85,26.32,2.0,2
1.16,1.18,-84.42,15.48,508.58,23.2,1.0,1
0.95,0.95,-76.19,8.57,649.85,25.51,0.0,0
1.04,0.94,-78.9,-9.37,525.73,22.83,0.0,0
1.08,1.02,-84.39,-0.38,549.94,26.9,0.0,0
1.0,0.91,-69.26,5.91,822.25,22.97,1.0,1
1.15,0.83,-66.89,21.27,674.73,24.09,2.0,2
0.98,1.14,-71.83,-24.69,686.08,24.13,2.0,2
0.92,1.08,-73.63,-6.16,649.9,25.72,0.0,0
1.18,1.01,-66.55,-22.88,809.21,26.64,3.0,3
1.15,0.9,-61.85,-20.57,647.21,24.56,2.0,2
0.9,1.14,-79.72,1.69,549.64,23.09,0.0,0
0.84,1.01,-77.35,-5.46,623.4,24.81,0.0,0
1.18,1.04,-41.58,48.19,512.33,22.88,4.0,4
0.82,1.2,-59.99,22.78,605.81,26.22,2.0,2
0.89,1.18,-47.51,19.99,729.09,26.91,3.0,3
1.08,0.84,-55.77,30.0,567.59,23.76,3.0,3
1.0,0.91,-69.26,5.91,822.25,22.97,1.0,1
1.13,0.91,-84.33,8.7,783.59,25.68,0.0,0
0.97,1.07,-57.97,-1.85,741.36,23.06,1.0,1
1.04,0.85,-76.18,8.22,670.21,27.08,0.0,0
0.89,0.87,-37.15,27.62,737.68,26.08,4.0,4
1.15,0.93,-68.25,-25.1,549.2,25.43,2.0,2
0.94,1.05,-46.65,11.0,883.16,24.7,3.0,3
1.05,0.92,-79.4,6.36,577.52,23.73,0.0,0
1.11,0.87,-63.49,32.48,861.04,26.27,4.0,4
1.12,0.88,-72.61,-39.49,668.14,27.7,2.0,2
0.99,1.1,-71.76,-9.09,554.02,27.09,0.0,0
0.96,1.12,-37.81,35.11,817.59,22.25,4.0,4
1.2,0.94,-47.04,35.02,760.64,22.57,4.0,4
1.17,1.19,-40.22,46.72,640.03,23.48,4.0,4
1.06,0.86,-83.37,38.29,774.46,26.84,2.0,2
1.12,1.09,-49.26,2.43,792.93,27.74,2.0,2
0.89,1.15,-81.53,-25.28,791.48,23.9,2.0,2
0.98,1.08,-80.13,-25.21,625.5,22.23,2.0,2
1.06,1.0,-83.94,10.07,708.97,25.69,1.0,1
0.88,1.03,-82.06,18.58,671.4,27.2,0.0,0
0.94,0.82,-58.84,36.99,858.49,26.12,4.0,4
0.9,0.91,-45.32,-43.21,589.37,27.57,4.0,4
1.01,1.04,-81.36,-8.75,564.98,27.92,0.0,0
1.06,1.13,-60.9,-31.39,857.53,27.74,4.0,4
1.04,0.81,-76.7,-0.17,572.32,27.89,0.0,0
1.01,0.88,-40.86,-44.75,703.23,24.01,4.0,4
1.15,1.19,-60.53,8.48,548.35,26.55,1.0,1
0.97,1.01,-74.09,-2.07,573.02,22.66,0.0,0
1.2,1.15,-51.09,-23.27,572.9,25.91,3.0,3
0.91,0.84,-71.55,4.58,557.49,24.55,0.0,0
1.04,0.91,-78.21,4.0,671.71,22.01,0.0,0
1.08,0.91,-43.88,-38.97,834.16,26.76,4.0,4
1.03,0.88,-36.61,45.74,798.55,27.05,4.0,4
0.82,1.05,-55.08,7.53,832.95,26.14,1.0,1
1.1,0.89,-36.46,8.42,552.34,27.88,2.0,2
1.06,0.95,-78.96,43.18,523.68,24.34,3.0,3
1.18,0.97,-47.97,33.72,634.69,25.88,3.0,3
0.88,1.03,-82.06,18.58,671.4,27.2,0.0,0
1.02,0.99,-56.17,41.21,617.79,27.37,3.0,3
0.88,0.94,-82.75,16.7,674.9,24.29,0.0,0
0.93,1.03,-53.71,37.0,799.95,26.67,4.0,4
1.03,1.02,-72.45,-10.16,788.97,22.14,1.0,1
1.01,0.96,-43.01,49.03,790.32,26.73,4.0,4
1.02,1.11,-75.32,23.4,823.17,24.6,2.0,2
1.09,0.98,-80.78,-43.28,543.5,23.87,3.0,3
1.08,0.86,-57.09,-48.85,521.52,23.54,3.0,3
0.83,0.82,-59.55,-49.74,515.63,22.87,3.0,3
0.85,1.03,-44.71,26.47,828.25,25.89,3.0,3
0.92,0.93,-74.59,14.71,746.12,23.36,1.0,1
1.02,0.96,-65.41,-46.6,833.19,25.55,4.0,4
1.2,1.08,-73.67,44.26,541.59,22.4,3.0,3
1.06,0.96,-84.98,-18.51,536.8,27.5,0.0,0
1.15,0.97,-55.95,3.1,641.71,25.13,1.0,1
0.91,1.02,-66.74,-36.96,775.69,27.85,3.0,3
0.96,0.83,-68.04,-11.52,557.9,25.71,2.0,2
0.98,1.05,-75.95,5.38,535.68,26.46,0.0,0
1.11,0.86,-66.63,-18.88,887.02,23.44,2.0,2
1.0,1.0,-39.69,-28.19,635.52,25.53,3.0,3
1.08,0.87,-82.67,-9.67,590.41,22.02,0.0,0
0.93,1.08,-79.78,3.73,658.65,23.61,0.0,0
1.08,0.8,-72.86,9.26,792.25,24.14,1.0,1
1.07,0.95,-71.32,-45.77,690.85,23.96,3.0,3
1.17,1.06,-57.76,-46.15,757.12,24.6,4.0,4
0.86,1.16,-43.35,-19.72,828.13,24.64,3.0,3
1.19,1.06,-42.8,-30.19,711.95,23.73,4.0,4
0.93,0.84,-78.17,36.35,727.96,27.17,3.0,3
0.96,1.07,-77.43,5.6,680.69,25.32,0.0,0
1.18,1.08,-62.42,-6.95,675.37,22.06,1.0,1
0.86,1.07,-81.18,-30.95,607.55,22.19,2.0,2
0.9,1.0,-74.47,4.07,651.75,24.63,0.0,0
1.11,1.14,-59.13,13.38,729.31,22.28,2.0,2
1.04,0.99,-70.89,-16.79,800.98,24.27,1.0,1
1.08,1.0,-67.56,29.02,699.33,25.52,2.0,2
0.86,1.03,-58.61,-25.1,507.14,27.13,2.0,2
0.97,1.01,-51.02,-33.52,808.47,27.73,4.0,4
1.15,0.82,-74.37,42.68,592.77,23.18,3.0,3
0.81,0.84,-84.06,12.56,734.8,24.85,1.0,1
1.1,1.16,-54.86,-32.88,517.5,22.15,3.0,3
0.86,0.8,-59.77,-22.81,620.27,22.43,2.0,2
0.8,0.87,-66.92,7.53,818.66,24.75,1.0,1
1.14,0.8,-48.44,7.97,513.45,24.56,2.0,2
1.16,1.17,-45.75,25.93,896.5,23.93,4.0,4
1.03,0.96,-61.66,20.56,545.23,25.1,2.0,2
0.83,1.06,-83.81,-42.42,536.3,23.52,2.0,2
1.07,0.85,-78.25,-12.05,676.18,24.17,1.0,1
1.11,1.17,-78.15,-6.19,760.95,23.58,1.0,1
0.97,0.89,-64.42,31.11,811.06,24.0,3.0,3
1.06,0.87,-81.69,41.76,786.06,23.36,3.0,3
1.14,0.99,-61.86,14.79,610.53,24.99,2.0,2
1.19,1.15,-72.88,-6.24,750.35,22.77,1.0,1
0.81,0.98,-75.32,-14.53,829.44,27.08,1.0,1
1.04,1.0,-38.32,-35.16,726.73,26.15,4.0,4
1.06,0.85,-77.28,15.48,626.21,25.85,1.0,1
1.14,0.89,-48.72,-1.19,542.51,25.85,2.0,2
1.0,1.11,-75.73,21.84,727.28,23.71,2.0,2
0.91,1.18,-53.14,-5.18,656.98,22.49,2.0,2
1.13,0.94,-53.46,1.62,730.53,24.33,2.0,2
1.1,0.81,-54.91,-6.5,539.75,24.73,2.0,2
0.94,0.86,-41.86,-18.72,789.77,25.0,3.0,3
0.99,1.09,-84.99,45.32,738.97,24.08,3.0,3
0.92,1.0,-49.73,-43.86,827.62,22.37,4.0,4
0.96,1.13,-66.94,34.87,866.95,27.68,4.0,4
0.81,0.94,-43.14,-48.75,602.71,22.55,4.0,4
0.92,0.97,-68.5,-27.04,629.67,26.08,2.0,2
0.97,1.01,-74.09,-2.07,573.02,22.66,0.0,0
0.96,0.86,-78.95,28.19,695.71,27.11,2.0,2
1.07,0.99,-56.12,-28.68,837.67,25.25,3.0,3
0.93,1.17,-75.56,0.25,749.93,24.06,1.0,1
0.97,0.85,-71.1,49.18,664.69,23.12,3.0,3
0.86,1.03,-80.07,6.92,614.53,26.69,0.0,0
0.86,1.03,-80.07,6.92,614.53,26.69,0.0,0
1.13,1.1,-37.47,0.87,578.75,22.82,2.0,2
0.84,0.98,-50.98,-49.29,618.12,23.6,4.0,4
1.1,1.03,-56.1,-27.86,583.37,24.67,2.0,2
0.9,1.18,-57.0,-2.59,677.72,23.07,1.0,1
1.13,1.07,-49.17,36.64,824.42,24.24,4.0,4
1.08,0.87,-82.67,-9.67,590.41,22.02,0.0,0
0.87,1.04,-76.48,-13.16,574.26,27.91,1.0,1
1.15,0.82,-79.99,11.19,889.81,27.15,2.0,2
1.04,0.93,-49.49,-12.41,544.87,25.22,2.0,2
1.08,0.89,-62.94,13.82,776.82,25.86,2.0,2
0.97,0.89,-58.53,-44.85,743.22,22.83,4.0,4
0.95,1.19,-66.22,-5.69,811.01,27.61,1.0,1
1.0,1.17,-43.13,43.68,713.24,26.47,4.0,4
1.12,0.87,-61.18,-29.22,735.37,23.96,3.0,3
1.14,0.84,-66.34,-6.87,568.42,23.98,1.0,1
0.92,0.93,-72.03,-4.69,673.57,27.83,0.0,0
0.91,1.01,-77.43,8.05,566.99,26.16,0.0,0
1.15,0.89,-46.44,8.29,843.31,27.14,2.0,2
1.04,0.94,-78.9,-9.37,525.73,22.83,0.0,0
1.05,0.87,-40.85,-46.91,588.57,24.44,4.0,4
1.0,1.16,-70.44,32.0,577.47,23.72,2.0,2
0.89,1.18,-55.87,33.21,614.49,27.87,3.0,3
1.06,0.95,-78.96,43.18,523.68,24.34,3.0,3
1.18,1.15,-59.41,-30.49,777.75,22.31,3.0,3
0.92,0.86,-53.28,36.71,782.36,25.52,4.0,4
1.16,1.05,-73.43,7.69,510.94,23.2,1.0,1
1.07,1.0,-79.65,2.43,506.83,24.53,0.0,0
0.94,1.15,-72.01,8.76,517.44,23.83,0.0,0
1.13,1.11,-67.08,-34.69,703.63,22.63,3.0,3
0.99,0.84,-43.31,-42.09,726.73,26.7,4.0,4
1.18,0.97,-70.32,-28.42,643.62,23.37,2.0,2
1.04,0.91,-78.21,4.0,671.71,22.01,0.0,0
0.82,0.82,-56.53,-25.24,524.72,24.9,2.0,2
1.14,1.11,-85.0,-8.74,863.04,27.27,1.0,1
0.99,0.94,-50.36,13.97,605.3,25.12,2.0,2
0.94,0.87,-41.25,21.31,530.96,23.26,3.0,3
1.02,1.03,-74.86,-13.53,851.42,23.72,2.0,2
0.84,1.2,-79.04,14.73,770.72,25.52,1.0,1
1.12,0.88,-35.46,6.04,653.74,24.88,2.0,2
0.93,0.84,-63.06,9.27,716.48,26.44,1.0,1
1.1,0.92,-76.72,-2.16,507.83,24.1,0.0,0
0.93,1.15,-72.51,-26.8,899.69,26.31,2.0,2
1.19,0.87,-75.28,41.81,832.64,26.0,3.0,3
0.9,1.07,-37.28,-25.19,818.1,23.91,4.0,4
1.18,0.92,-68.63,-12.35,876.93,22.97,2.0,2
0.84,1.02,-63.84,-23.69,819.3,24.24,3.0,3
0.88,0.94,-82.75,16.7,674.9,24.29,0.0,0
1.09,0.9,-41.26,-24.15,566.51,27.17,3.0,3
0.9,0.82,-84.07,18.85,758.39,22.7,1.0,1
1.18,0.95,-55.76,-29.74,542.12,27.49,2.0,2
1.05,1.19,-79.18,24.67,616.77,25.56,2.0,2
0.93,1.05,-84.0,-37.58,585.78,24.02,2.0,2
1.11,1.13,-64.14,-36.38,612.31,27.56,3.0,3
0.96,0.97,-48.19,-34.64,773.9,27.09,4.0,4
1.16,0.95,-62.13,32.97,745.83,23.55,3.0,3
0.96,0.84,-60.59,-22.65,588.9,24.22,2.0,2
0.92,1.0,-49.73,-43.86,827.62,22.37,4.0,4
0.94,1.17,-49.78,3.89,562.47,27.65,2.0,2
0.85,0.86,-45.41,5.81,540.94,26.94,2.0,2
0.96,0.95,-47.47,-9.79,536.0,22.67,2.0,2
0.95,1.06,-78.12,-5.33,820.04,26.78,1.0,1
1.12,0.81,-79.5,3.35,557.09,24.0,0.0,0
0.94,1.15,-72.01,8.76,517.44,23.83,0.0,0
0.88,0.98,-61.79,-7.36,653.86,26.61,1.0,1
1.15,1.1,-69.88,-1.16,708.0,26.92,1.0,1
0.88,0.94,-82.75,16.7,674.9,24.29,0.0,0
0.82,1.09,-81.8,-35.72,574.69,24.53,2.0,2
1.06,0.97,-35.28,33.87,597.07,27.15,4.0,4
0.86,0.93,-62.4,33.47,839.65,25.99,3.0,3
0.95,0.89,-67.09,-41.8,582.78,25.4,3.0,3
1.11,1.15,-73.43,13.24,635.61,23.36,1.0,1
1.04,0.81,-76.7,-0.17,572.32,27.89,0.0,0
0.95,0.95,-47.73,6.49,834.3,27.02,2.0,2
1.15,0.94,-69.05,-25.08,753.27,24.84,3.0,3
1.16,1.17,-45.75,25.93,896.5,23.93,4.0,4
0.95,0.95,-76.19,8.57,649.85,25.51,0.0,0
1.1,0.92,-76.72,-2.16,507.83,24.1,0.0,0
0.93,0.84,-63.06,9.27,716.48,26.44,1.0,1
0.95,1.11,-37.93,28.74,896.12,23.03,4.0,4
1.02,1.1,-75.73,-32.24,780.66,23.9,3.0,3
1.06,1.14,-72.7,-24.75,613.25,22.58,2.0,2
1.16,1.2,-50.22,17.05,794.91,24.61,3.0,3
1.03,0.98,-77.88,23.28,535.08,22.6,2.0,2
0.92,0.82,-78.84,-2.71,621.98,27.48,0.0,0
1.0,0.97,-73.62,-30.84,524.76,25.93,2.0,2
1.0,0.92,-83.31,25.98,574.39,25.31,1.0,1
0.99,1.1,-58.53,8.71,594.16,22.22,1.0,1
0.8,0.88,-55.35,-28.56,608.6,22.43,2.0,2
1.03,1.16,-52.41,46.24,662.58,22.99,4.0,4
0.86,0.89,-46.94,1.39,544.56,23.54,2.0,2
0.85,1.08,-61.62,-5.51,648.16,22.82,1.0,1
1.02,1.1,-75.73,-32.24,780.66,23.9,3.0,3
0.88,1.08,-83.35,-36.07,651.18,27.89,2.0,2
0.96,0.94,-77.32,-11.91,651.25,27.07,1.0,1
1.11,0.8,-84.26,4.64,668.74,24.71,0.0,0
1.1,0.97,-72.33,-9.28,876.37,27.93,1.0,1
1.09,1.15,-35.64,43.38,556.15,25.92,4.0,4
1.0,0.97,-73.62,-30.84,524.76,25.93,2.0,2
0.93,0.88,-70.29,19.27,821.97,22.67,1.0,1
0.87,1.07,-43.99,45.72,547.77,24.54,4.0,4
0.87,1.01,-71.05,5.83,620.46,26.87,0.0,0
0.83,0.9,-58.34,2.92,865.34,25.57,2.0,2
0.92,0.86,-53.28,36.71,782.36,25.52,4.0,4
0.97,0.93,-63.46,46.04,790.39,26.02,4.0,4
1.0,0.94,-82.21,39.62,572.75,22.1,2.0,2
0.9,1.18,-57.0,-2.59,677.72,23.07,1.0,1
0.85,1.1,-83.29,7.21,747.58,27.87,0.0,0
0.81,0.91,-77.63,-5.36,803.69,25.92,1.0,1
0.86,1.12,-76.33,7.11,662.11,22.78,0.0,0
1.1,0.96,-50.37,34.55,550.41,27.54,3.0,3
1.14,0.89,-76.16,-46.02,678.66,24.29,3.0,3
1.07,0.85,-78.25,-12.05,676.18,24.17,1.0,1
0.92,1.0,-49.73,-43.86,827.62,22.37,4.0,4
0.96,1.13,-66.94,34.87,866.95,27.68,4.0,4
1.01,1.06,-64.06,5.65,803.29,27.1,1.0,1
0.96,1.09,-48.91,3.87,883.93,26.9,2.0,2
0.9,0.89,-83.06,-17.09,533.9,25.76,0.0,0
1.06,0.86,-83.37,38.29,774.46,26.84,2.0,2
1.02,0.91,-61.0,49.79,541.21,25.5,3.0,3
0.8,0.94,-80.86,9.31,559.53,23.43,0.0,0
0.94,1.18,-84.37,1.98,539.43,27.13,0.0,0
1.0,1.08,-51.9,-37.66,752.59,23.6,4.0,4
0.97,1.18,-83.98,40.28,691.57,22.31,2.0,2
0.85,0.93,-78.11,10.07,792.33,24.48,1.0,1
1.05,0.8,-74.61,36.73,500.89,24.44,2.0,2
1.09,0.87,-75.24,-32.64,608.03,26.64,2.0,2
1.09,0.96,-45.39,49.32,670.76,25.82,4.0,4
1.16,0.83,-42.62,-11.02,589.45,27.31,2.0,2
1.09,1.1,-36.95,-5.75,845.67,27.63,3.0,3
0.89,0.84,-75.3,-43.93,787.23,26.07,3.0,3
0.98,0.95,-51.3,-36.77,833.27,24.21,4.0,4
1.0,1.12,-80.4,18.25,688.09,25.34,1.0,1
0.86,1.12,-76.33,7.11,662.11,22.78,0.0,0
1.08,1.16,-70.19,4.32,791.96,27.05,1.0,1
0.95,1.0,-54.84,-44.48,646.54,25.59,4.0,4
0.9,0.89,-83.06,-17.09,533.9,25.76,0.0,0
1.18,1.09,-61.5,2.93,548.74,22.37,1.0,1
1.11,1.08,-71.79,-11.82,762.2,24.72,1.0,1
1.1,0.94,-71.24,1.06,568.97,26.73,0.0,0
0.93,0.92,-76.74,28.65,558.56,26.09,2.0,2
0.85,0.9,-67.13,-32.32,819.81,26.34,3.0,3
1.17,1.06,-57.76,-46.15,757.12,24.6,4.0,4
0.93,1.05,-84.0,-37.58,585.78,24.02,2.0,2
0.94,1.1,-58.79,-48.74,829.94,24.92,4.0,4
0.98,1.05,-75.95,5.38,535.68,26.46,0.0,0
1.1,0.81,-54.91,-6.5,539.75,24.73,2.0,2
1.18,1.01,-66.55,-22.88,809.21,26.64,3.0,3
0.91,0.92,-47.74,37.44,652.71,25.07,3.0,3
0.8,1.18,-80.14,46.19,799.62,24.49,3.0,3
1.01,1.06,-64.06,5.65,803.29,27.1,1.0,1
1.2,1.2,-44.59,-49.1,531.29,25.13,4.0,4
0.86,0.99,-49.97,15.83,598.97,27.63,2.0,2
1.08,0.87,-82.67,-9.67,590.41,22.02,0.0,0
1.16,0.89,-47.41,21.78,652.81,25.0,3.0,3
1.05,0.87,-40.85,-46.91,588.57,24.44,4.0,4
1.01,0.83,-47.47,37.49,809.61,25.46,4.0,4
0.89,1.01,-79.53,-11.18,857.43,25.2,2.0,2
1.09,1.13,-70.14,-5.11,779.89,25.49,1.0,1
0.96,1.02,-68.58,16.9,718.0,27.78,2.0,2
0.85,0.97,-62.24,-36.34,649.94,25.64,3.0,3
0.95,1.14,-40.16,-49.52,548.76,22.11,4.0,4
0.86,0.85,-40.43,32.68,687.03,25.33,3.0,3
1.14,0.88,-56.18,-4.98,711.19,26.9,1.0,1
0.9,1.18,-58.25,-0.73,849.62,26.68,1.0,1
1.12,0.91,-57.45,-24.21,857.59,23.73,3.0,3
0.97,1.17,-54.41,-17.75,752.02,24.4,3.0,3
1.13,1.11,-49.63,-7.59,599.11,24.31,2.0,2
1.01,1.16,-70.43,7.78,501.71,24.0,1.0,1
1.1,0.97,-72.33,-9.28,876.37,27.93,1.0,1
0.89,0.98,-60.41,35.47,734.58,24.87,3.0,3
0.91,0.85,-37.68,-29.19,701.87,22.57,4.0,4
1.05,0.87,-54.72,-14.88,871.77,27.12,3.0,3
0.96,0.96,-74.04,-30.57,621.67,27.32,2.0,2
0.83,0.89,-76.98,8.84,589.38,26.73,0.0,0
0.88,1.1,-53.31,3.55,560.49,26.5,2.0,2
1.09,0.98,-80.78,-43.28,543.5,23.87,3.0,3
1.13,1.01,-84.92,49.97,573.98,23.77,2.0,2
0.96,0.85,-80.74,-9.14,600.1,27.9,0.0,0
0.87,1.04,-76.48,-13.16,574.26,27.91,1.0,1
1.17,1.19,-40.22,46.72,640.03,23.48,4.0,4
0.82,1.1,-72.53,-5.01,742.08,27.75,1.0,1
0.84,0.92,-77.57,-18.62,812.91,25.2,1.0,1
0.87,1.01,-71.05,5.83,620.46,26.87,0.0,0
1.06,1.03,-66.17,8.97,841.08,23.96,1.0,1
1.12,0.88,-72.61,-39.49,668.14,27.7,2.0,2
0.96,1.18,-82.26,-48.41,628.57,26.03,2.0,2
1.11,0.94,-48.65,13.94,552.62,25.96,2.0,2
0.87,1.01,-71.05,5.83,620.46,26.87,0.0,0
1.08,0.91,-43.88,-38.97,834.16,26.76,4.0,4
0.98,1.08,-81.25,20.58,805.1,22.92,2.0,2
0.84,0.99,-61.88,-8.32,866.31,27.37,2.0,2
0.84,1.12,-49.03,-0.11,502.18,27.77,2.0,2
0.96,1.02,-39.16,28.02,528.62,25.86,3.0,3
1.18,1.04,-41.58,48.19,512.33,22.88,4.0,4
0.9,1.06,-70.13,9.18,581.8,23.4,0.0,0
1.2,1.13,-67.93,-28.71,528.09,22.06,2.0,2
1.19,1.19,-37.6,-47.78,859.18,24.89,4.0,4
0.97,0.81,-82.86,6.99,693.39,24.56,0.0,0
1.03,0.98,-64.55,41.59,615.99,27.72,3.0,3
0.92,1.01,-40.71,-44.16,563.37,25.07,4.0,4
0.95,0.83,-58.9,-3.76,520.2,26.47,1.0,1
0.92,1.15,-65.91,11.08,828.09,23.12,2.0,2
0.98,0.95,-80.29,-46.35,695.36,22.9,3.0,3
1.02,1.11,-64.15,22.2,575.29,22.06,2.0,2
0.95,0.88,-53.12,-43.25,876.0,22.7,4.0,4
0.99,1.1,-71.76,-9.09,554.02,27.09,0.0,0
0.97,0.87,-64.55,22.8,706.86,23.06,3.0,3
1.18,0.82,-84.97,-15.2,550.12,26.42,0.0,0
1.1,0.94,-71.24,1.06,568.97,26.73,0.0,0
1.09,0.88,-39.08,7.34,813.53,25.34,3.0,3
1.13,0.81,-41.49,-21.21,703.71,27.03,3.0,3
0.82,0.82,-78.15,-18.94,729.23,25.93,1.0,1
0.8,0.94,-80.86,9.31,559.53,23.43,0.0,0
1.0,1.15,-43.14,-20.16,734.63,23.19,3.0,3
0.99,0.94,-50.36,13.97,605.3,25.12,2.0,2
1.15,1.16,-38.98,0.99,606.15,22.21,2.0,2
0.94,0.86,-55.59,-29.01,809.98,22.99,3.0,3
1.14,0.99,-73.68,-39.29,779.41,24.52,3.0,3
0.92,0.9,-74.46,5.93,768.81,23.47,1.0,1
1.19,1.06,-51.78,2.32,598.76,26.5,2.0,2
0.92,1.09,-81.77,14.5,517.34,22.18,1.0,1
0.9,0.91,-68.78,-8.4,624.85,24.79,1.0,1
1.16,0.93,-80.94,15.79,579.13,25.34,1.0,1
1.09,0.96,-84.05,-5.95,781.43,27.46,0.0,0
1.01,0.82,-81.92,8.89,638.24,25.18,0.0,0
1.04,1.17,-75.21,-13.85,573.67,27.43,1.0,1
0.8,0.94,-80.86,9.31,559.53,23.43,0.0,0
1.05,0.86,-65.36,19.65,674.01,26.16,2.0,2
1.05,0.81,-40.57,5.52,828.14,24.63,2.0,2
0.98,1.03,-62.62,48.29,793.6,22.47,4.0,4
1.0,1.13,-64.79,7.23,824.54,22.7,1.0,1
0.93,0.83,-35.39,-1.68,693.34,25.18,2.0,2
1.06,1.11,-66.5,3.08,527.63,22.48,1.0,1
1.09,1.07,-64.55,19.24,605.53,26.23,2.0,2
1.2,0.86,-55.76,-37.69,838.46,27.11,3.0,3
0.97,0.93,-52.09,21.37,639.3,24.43,3.0,3
0.86,1.2,-72.49,-5.62,541.25,26.03,0.0,0
0.88,0.94,-54.13,33.56,510.24,26.5,3.0,3
0.91,1.16,-63.85,-12.81,513.72,27.23,2.0,2
1.14,1.11,-85.0,-8.74,863.04,27.27,1.0,1
0.86,1.03,-80.07,6.92,614.53,26.69,0.0,0
1.05,1.19,-79.18,24.67,616.77,25.56,2.0,2
0.86,1.09,-66.94,-16.81,822.52,27.14,2.0,2
0.96,0.92,-63.31,-20.62,824.95,24.67,3.0,3
1.13,1.08,-81.59,-8.14,782.35,25.87,1.0,1
0.82,0.82,-78.15,-18.94,729.23,25.93,1.0,1
0.91,1.08,-74.61,37.32,715.56,22.47,3.0,3
1.05,0.81,-64.34,5.81,801.4,26.42,1.0,1
1.02,1.17,-54.41,-37.02,827.5,25.65,4.0,4
1.06,0.9,-77.54,-0.82,617.23,25.12,0.0,0
0.86,1.2,-72.49,-5.62,541.25,26.03,0.0,0
0.81,1.12,-67.86,-41.48,523.27,25.15,3.0,3
0.81,1.12,-67.86,-41.48,523.27,25.15,3.0,3
1.05,0.82,-38.15,-40.45,833.88,22.25,4.0,4
1.2,1.13,-67.93,-28.71,528.09,22.06,2.0,2
1.1,1.16,-81.67,-20.15,593.72,23.54,2.0,2
1.2,1.1,-38.05,-49.28,814.88,22.19,4.0,4
0.94,1.15,-72.01,8.76,517.44,23.83,0.0,0
0.94,0.97,-60.17,28.43,839.92,22.24,3.0,3
1.06,1.14,-72.7,-24.75,613.25,22.58,2.0,2
1.08,0.91,-43.88,-38.97,834.16,26.76,4.0,4
0.85,0.96,-65.31,46.72,886.95,22.96,4.0,4
0.95,1.05,-75.3,10.06,584.98,23.56,1.0,1
0.9,1.14,-79.72,1.69,549.64,23.09,0.0,0
0.97,0.81,-82.86,6.99,693.39,24.56,0.0,0
1.14,1.11,-85.0,-8.74,863.04,27.27,1.0,1
0.94,0.98,-45.05,45.43,622.23,24.19,4.0,4
0.81,0.86,-54.06,48.36,804.43,27.15,4.0,4
1.09,0.98,-39.9,-44.49,730.18,25.16,4.0,4
1.19,1.19,-37.6,-47.78,859.18,24.89,4.0,4
1.09,1.03,-82.04,11.21,672.03,24.86,1.0,1
0.99,1.09,-53.8,-18.35,774.25,23.19,3.0,3
1.14,0.88,-56.18,-4.98,711.19,26.9,1.0,1
0.83,0.91,-78.4,-0.18,686.25,24.88,0.0,0
1.05,1.02,-56.06,-20.28,752.29,24.71,3.0,3
1.02,1.03,-59.39,35.0,806.55,25.71,3.0,3
1.13,0.91,-84.33,8.7,783.59,25.68,0.0,0
0.93,0.89,-70.08,-45.11,827.09,22.69,3.0,3
0.95,1.0,-54.84,-44.48,646.54,25.59,4.0,4
0.92,1.09,-81.77,14.5,517.34,22.18,1.0,1
0.96,1.13,-82.75,-23.64,692.03,22.16,1.0,1
1.16,1.19,-44.68,42.83,888.43,24.83,4.0,4
0.93,1.15,-41.39,8.46,681.52,22.37,2.0,2
0.92,1.03,-43.87,40.59,791.61,24.38,4.0,4
1.05,1.12,-78.01,-20.65,654.85,24.95,2.0,2
1.19,1.19,-37.6,-47.78,859.18,24.89,4.0,4
1.01,1.04,-81.36,-8.75,564.98,27.92,0.0,0
0.91,1.03,-51.39,-6.12,636.64,22.77,2.0,2
1.07,1.1,-57.04,45.99,731.28,24.41,4.0,4
0.8,0.94,-80.86,9.31,559.53,23.43,0.0,0
1.06,1.05,-70.31,0.49,536.15,22.88,0.0,0
0.99,1.17,-46.55,39.03,789.35,23.97,4.0,4
0.84,1.18,-74.53,-19.06,601.83,24.41,1.0,1
0.98,1.03,-62.62,48.29,793.6,22.47,4.0,4
1.19,1.08,-40.88,-28.67,658.15,26.66,3.0,3
0.87,1.01,-71.05,5.83,620.46,26.87,0.0,0
1.01,1.04,-81.36,-8.75,564.98,27.92,0.0,0
0.89,1.1,-59.15,-13.82,723.2,26.93,2.0,2
0.88,1.08,-83.35,-36.07,651.18,27.89,2.0,2
0.89,0.98,-60.41,35.47,734.58,24.87,3.0,3
1.07,0.89,-72.17,16.61,631.67,25.05,1.0,1
1.18,1.09,-64.41,-43.29,751.14,23.95,4.0,4
1.12,1.01,-57.07,40.59,795.27,25.74,4.0,4
0.81,0.91,-77.63,-5.36,803.69,25.92,1.0,1
0.94,0.8,-39.41,-47.43,559.63,27.78,4.0,4
0.86,0.95,-67.22,4.52,687.61,27.59,1.0,1
0.97,1.03,-50.91,49.0,764.44,25.68,4.0,4
1.17,1.16,-49.04,-37.83,573.64,26.35,3.0,3
0.98,0.97,-52.73,25.72,587.76,23.95,3.0,3
1.1,1.2,-67.78,-42.16,866.41,25.78,4.0,4
1.05,0.87,-40.85,-46.91,588.57,24.44,4.0,4
1.2,1.15,-51.09,-23.27,572.9,25.91,3.0,3
0.81,0.94,-43.14,-48.75,602.71,22.55,4.0,4
0.87,1.19,-68.05,22.58,576.39,26.88,2.0,2
0.91,1.16,-83.07,0.2,625.55,25.67,0.0,0
0.84,1.18,-45.66,16.38,588.13,23.8,2.0,2
0.95,0.81,-42.22,19.83,722.72,24.68,3.0,3
0.91,1.03,-64.37,10.82,659.23,24.35,2.0,2
1.19,0.92,-36.9,31.19,592.82,26.5,4.0,4
1.01,1.06,-69.66,14.46,561.24,23.34,2.0,2
1.1,1.18,-41.36,-5.45,548.03,27.32,2.0,2
0.86,1.2,-72.49,-5.62,541.25,26.03,0.0,0
0.82,0.82,-41.4,41.87,786.41,27.59,4.0,4
1.12,1.0,-83.91,-11.7,553.21,25.96,1.0,1
0.9,0.97,-47.09,11.68,878.34,23.39,3.0,3
0.99,1.18,-47.09,21.53,713.77,27.37,3.0,3
0.85,1.08,-48.21,-29.37,881.44,23.74,4.0,4
0.88,0.94,-82.75,16.7,674.9,24.29,0.0,0
0.84,0.92,-77.57,-18.62,812.91,25.2,1.0,1
0.97,1.17,-47.81,-44.53,859.24,26.89,4.0,4
1.08,0.94,-74.85,-43.53,731.65,25.18,3.0,3
1.0,1.12,-81.73,-5.42,616.62,23.76,0.0,0
0.96,1.07,-77.43,5.6,680.69,25.32,0.0,0
1.17,0.95,-82.75,3.39,899.45,24.81,1.0,1
0.82,1.09,-47.86,-35.6,873.47,24.63,4.0,4
0.87,0.85,-83.09,-1.5,823.54,27.86,0.0,0
0.91,1.15,-38.01,-37.27,608.47,26.57,4.0,4
1.02,0.92,-67.78,43.68,577.55,27.77,3.0,3
1.02,0.97,-37.25,44.7,505.63,26.23,4.0,4
0.88,1.03,-82.06,18.58,671.4,27.2,0.0,0
1.1,0.91,-61.97,-21.23,553.17,27.32,2.0,2
0.86,0.86,-53.37,35.63,865.89,22.8,4.0,4
1.13,0.96,-81.73,41.34,705.41,23.52,3.0,3
0.93,1.17,-75.56,0.25,749.93,24.06,1.0,1
0.95,0.95,-76.19,8.57,649.85,25.51,0.0,0
0.93,0.89,-70.08,-45.11,827.09,22.69,3.0,3
0.87,1.11,-38.38,2.53,597.77,22.84,2.0,2
0.91,1.11,-61.77,40.64,783.99,27.12,4.0,4
1.06,1.08,-79.8,20.46,709.57,25.75,2.0,2
1.17,1.19,-40.22,46.72,640.03,23.48,4.0,4
1.0,0.92,-83.31,25.98,574.39,25.31,1.0,1
0.92,0.93,-72.03,-4.69,673.57,27.83,0.0,0
1.19,1.06,-42.8,-30.19,711.95,23.73,4.0,4
0.97,0.81,-82.86,6.99,693.39,24.56,0.0,0
0.9,0.94,-49.59,-31.91,600.3,23.52,3.0,3
1.01,0.88,-40.86,-44.75,703.23,24.01,4.0,4
0.88,1.03,-82.06,18.58,671.4,27.2,0.0,0
1.08,0.8,-72.86,9.26,792.25,24.14,1.0,1
1.06,1.19,-79.75,-5.9,666.8,22.73,1.0,1
0.82,0.86,-35.66,-29.03,785.27,27.93,4.0,4
0.89,0.87,-37.15,27.62,737.68,26.08,4.0,4
1.06,1.19,-79.75,-5.9,666.8,22.73,1.0,1
1.03,0.96,-61.66,20.56,545.23,25.1,2.0,2
1.11,1.17,-78.15,-6.19,760.95,23.58,1.0,1
0.97,1.18,-44.04,-26.87,876.32,26.63,4.0,4
1.15,0.82,-38.22,-29.21,646.06,25.97,3.0,3
0.9,0.89,-83.06,-17.09,533.9,25.76,0.0,0
1.09,1.15,-35.64,43.38,556.15,25.92,4.0,4
1.08,0.8,-72.86,9.26,792.25,24.14,1.0,1
1.0,1.1,-73.66,33.39,553.24,26.35,2.0,2
1.16,1.01,-43.8,-31.98,807.29,24.95,4.0,4
0.9,1.09,-70.7,5.31,726.05,25.51,1.0,1
1.0,1.09,-83.77,44.81,725.97,23.33,3.0,3
0.86,0.95,-67.22,4.52,687.61,27.59,1.0,1
1.12,0.87,-61.18,-29.22,735.37,23.96,3.0,3
0.9,0.93,-79.35,2.62,520.17,25.21,0.0,0
0.91,1.19,-68.99,-37.75,841.57,25.0,3.0,3
0.92,1.19,-43.79,11.01,806.51,27.29,3.0,3
1.06,1.19,-79.75,-5.9,666.8,22.73,1.0,1
0.97,1.01,-74.09,-2.07,573.02,22.66,0.0,0
0.97,0.89,-62.43,18.95,870.84,27.17,2.0,2
1.08,0.86,-68.89,-14.17,846.49,24.94,2.0,2
0.87,0.87,-82.44,-2.24,732.0,24.44,0.0,0
1.05,0.86,-80.45,33.39,693.1,27.26,2.0,2
1.01,1.04,-81.36,-8.75,564.98,27.92,0.0,0
0.92,1.08,-73.63,-6.16,649.9,25.72,0.0,0
1.02,0.96,-65.41,-46.6,833.19,25.55,4.0,4
1.06,0.85,-77.28,15.48,626.21,25.85,1.0,1
1.1,0.92,-76.72,-2.16,507.83,24.1,0.0,0
1.02,0.92,-67.78,43.68,577.55,27.77,3.0,3
0.85,1.1,-83.29,7.21,747.58,27.87,0.0,0
1.05,1.19,-38.88,23.08,765.38,27.36,4.0,4
1.08,0.81,-77.55,-24.03,823.47,24.91,2.0,2
1.01,0.82,-81.92,8.89,638.24,25.18,0.0,0
1.02,1.09,-41.37,-32.12,844.23,27.11,4.0,4
0.85,1.08,-48.21,-29.37,881.44,23.74,4.0,4
0.97,1.01,-63.61,40.29,813.37,22.29,4.0,4
0.85,1.17,-68.13,35.55,714.57,24.21,3.0,3
0.98,0.95,-51.3,-36.77,833.27,24.21,4.0,4
1.17,0.84,-71.98,11.22,836.52,24.34,1.0,1
1.05,1.06,-37.67,36.69,689.4,26.68,4.0,4
0.96,0.95,-47.47,-9.79,536.0,22.67,2.0,2
0.87,1.01,-71.05,5.83,620.46,26.87,0.0,0
1.06,0.87,-64.03,0.73,829.49,22.95,1.0,1
1.07,1.0,-79.65,2.43,506.83,24.53,0.0,0
0.87,1.01,-71.05,5.83,620.46,26.87,0.0,0
0.87,1.07,-80.78,15.45,841.41,22.75,1.0,1
0.99,1.17,-46.55,39.03,789.35,23.97,4.0,4
0.81,1.11,-67.72,-25.71,603.6,25.57,2.0,2
1.11,0.88,-67.34,-42.89,882.37,23.07,4.0,4
0.88,1.15,-57.53,36.14,863.01,22.52,4.0,4
1.09,1.18,-39.03,-40.25,836.49,25.7,4.0,4
0.87,1.04,-64.13,-34.36,775.15,23.65,3.0,3
1.18,1.05,-68.02,43.62,734.05,26.77,4.0,4
0.97,1.02,-83.02,25.85,630.37,27.52,1.0,1
1.19,1.06,-42.8,-30.19,711.95,23.73,4.0,4
0.99,0.93,-55.86,35.8,599.16,24.0,3.0,3
1.06,0.87,-81.69,41.76,786.06,23.36,3.0,3
1.05,1.18,-36.07,15.89,866.57,26.47,4.0,4
0.89,0.84,-43.71,36.18,501.12,25.04,3.0,3
1.08,1.16,-70.19,4.32,791.96,27.05,1.0,1
0.95,1.0,-54.84,-44.48,646.54,25.59,4.0,4
0.99,0.83,-75.11,48.89,649.51,25.63,3.0,3
1.11,0.87,-63.49,32.48,861.04,26.27,4.0,4
0.91,1.16,-83.07,0.2,625.55,25.67,0.0,0
0.97,1.14,-83.48,-19.21,595.73,27.31,1.0,1
0.89,0.84,-44.86,-24.68,895.72,24.96,4.0,4
0.87,0.86,-39.87,42.39,759.43,27.79,4.0,4
0.99,1.11,-81.51,-35.49,655.04,22.96,2.0,2
0.85,1.13,-65.54,30.09,748.88,25.1,3.0,3
1.06,0.88,-55.65,-34.5,664.89,24.74,3.0,3
0.85,0.93,-76.75,39.88,674.2,27.01,2.0,2
1.04,1.11,-57.11,3.07,650.6,27.54,1.0,1
0.91,1.08,-69.47,3.11,602.36,22.96,1.0,1
0.96,0.95,-39.7,17.56,742.91,24.21,3.0,3
0.94,0.82,-54.31,33.06,867.3,23.09,4.0,4
0.87,0.97,-37.42,-37.74,754.02,26.87,4.0,4
1.09,0.98,-80.78,-43.28,543.5,23.87,3.0,3
1.14,0.97,-37.81,-47.22,619.58,22.7,4.0,4
0.85,1.05,-41.75,-19.82,862.63,26.5,3.0,3
0.94,0.8,-39.41,-47.43,559.63,27.78,4.0,4
1.1,1.06,-58.02,37.49,795.01,24.49,3.0,3
1.14,1.09,-35.32,-45.41,833.26,27.29,4.0,4
1.04,1.12,-78.23,41.05,540.06,25.95,3.0,3
1.13,1.07,-49.17,36.64,824.42,24.24,4.0,4
1.05,1.18,-36.07,15.89,866.57,26.47,4.0,4
0.82,0.82,-56.53,-25.24,524.72,24.9,2.0,2
0.86,1.04,-71.8,-6.85,789.18,27.96,1.0,1
1.15,0.83,-66.89,21.27,674.73,24.09,2.0,2
1.18,1.08,-84.79,2.93,854.44,27.15,1.0,1
1.16,1.05,-73.43,7.69,510.94,23.2,1.0,1
1.06,1.1,-81.18,-3.72,875.21,24.88,1.0,1
1.04,0.85,-60.17,32.14,690.86,23.75,3.0,3
1.02,1.16,-57.77,-46.53,510.71,25.42,3.0,3
1.16,1.17,-71.04,-43.89,798.33,22.61,3.0,3
0.96,0.85,-69.25,-1.13,582.9,25.02,1.0,1
1.07,0.83,-56.54,49.81,582.11,23.01,3.0,3
1.14,1.0,-61.99,4.12,666.47,24.01,1.0,1
1.03,0.98,-64.55,41.59,615.99,27.72,3.0,3
0.86,0.82,-45.72,1.58,700.19,24.67,2.0,2
0.94,1.09,-37.62,-38.04,823.45,26.28,4.0,4
0.99,1.04,-39.64,-28.46,863.1,25.63,4.0,4
0.93,1.02,-63.78,-7.85,516.14,27.55,1.0,1
0.87,0.85,-83.09,-1.5,823.54,27.86,0.0,0
1.07,0.99,-62.94,-22.5,552.02,22.87,2.0,2
0.81,0.9,-82.01,20.87,517.61,23.27,1.0,1
0.86,1.16,-43.35,-19.72,828.13,24.64,3.0,3
0.96,1.02,-68.58,16.9,718.0,27.78,2.0,2
1.18,1.18,-84.76,-39.05,875.12,25.62,2.0,2
1.05,1.04,-51.52,-46.89,668.39,25.81,4.0,4
0.93,0.96,-50.71,0.67,710.48,24.44,2.0,2
0.97,0.89,-58.53,-44.85,743.22,22.83,4.0,4
1.0,0.97,-73.62,-30.84,524.76,25.93,2.0,2
0.9,1.06,-70.13,9.18,581.8,23.4,0.0,0
1.06,1.19,-79.75,-5.9,666.8,22.73,1.0,1
0.97,1.16,-50.96,-2.29,839.94,27.86,2.0,2
0.88,1.09,-54.8,8.77,827.51,24.05,2.0,2
1.07,0.89,-72.17,16.61,631.67,25.05,1.0,1
0.91,1.03,-54.42,16.26,528.29,24.18,2.0,2
1.13,0.96,-36.28,33.6,596.04,26.35,4.0,4
0.97,1.16,-76.2,40.94,665.74,23.98,3.0,3
0.99,0.93,-78.84,-27.47,524.85,26.49,2.0,2
0.93,0.86,-81.59,-18.06,604.41,27.95,1.0,1
1.14,1.06,-38.84,-26.22,852.82,24.94,4.0,4
1.02,0.81,-61.03,6.32,814.52,26.43,1.0,1
0.87,1.11,-38.38,2.53,597.77,22.84,2.0,2
0.97,0.89,-58.53,-44.85,743.22,22.83,4.0,4
1.02,1.2,-72.53,-28.55,840.28,23.68,2.0,2
0.97,1.14,-83.48,-19.21,595.73,27.31,1.0,1
0.8,0.94,-80.86,9.31,559.53,23.43,0.0,0
0.96,0.8,-38.43,-9.55,574.17,27.7,2.0,2
0.88,0.8,-37.66,20.69,887.11,24.28,4.0,4
0.93,0.86,-81.59,-18.06,604.41,27.95,1.0,1
1.11,1.08,-71.79,-11.82,762.2,24.72,1.0,1
1.19,1.08,-47.71,14.91,739.04,22.15,3.0,3
1.11,0.83,-77.65,-38.19,810.22,24.73,3.0,3
1.06,1.14,-72.7,-24.75,613.25,22.58,2.0,2
1.06,0.98,-72.02,-17.9,880.75,24.07,2.0,2
1.05,0.92,-79.4,6.36,577.52,23.73,0.0,0
1.09,0.96,-84.05,-5.95,781.43,27.46,0.0,0
0.92,0.87,-40.17,35.76,601.35,24.08,3.0,3
1.1,0.94,-71.24,1.06,568.97,26.73,0.0,0
1.16,1.07,-81.45,23.43,895.44,25.64,2.0,2
0.84,1.01,-77.35,-5.46,623.4,24.81,0.0,0
0.98,1.17,-36.85,24.21,759.23,27.01,4.0,4
1.07,0.84,-75.49,3.41,764.27,27.41,1.0,1
0.85,1.1,-83.29,7.21,747.58,27.87,0.0,0
1.05,0.8,-60.31,-7.44,846.23,25.17,1.0,1
0.95,0.88,-59.33,2.82,592.6,27.67,1.0,1
1.17,0.92,-60.54,-4.27,521.38,25.19,1.0,1
0.92,0.96,-36.1,-44.49,644.99,22.25,4.0,4
1.03,1.11,-48.21,-27.58,814.29,26.46,3.0,3
1.19,0.9,-76.71,37.61,780.37,22.51,3.0,3
1.06,1.13,-60.9,-31.39,857.53,27.74,4.0,4
0.98,1.15,-62.17,-7.6,799.28,27.12,1.0,1
0.96,0.92,-63.31,-20.62,824.95,24.67,3.0,3
0.84,1.14,-37.82,-22.91,699.2,22.58,3.0,3
1.05,1.13,-65.67,8.35,770.86,24.14,1.0,1
0.94,1.15,-72.01,8.76,517.44,23.83,0.0,0
1.12,0.81,-79.5,3.35,557.09,24.0,0.0,0
1.11,0.86,-67.92,-32.39,628.48,25.93,3.0,3
1.16,0.9,-38.26,-16.13,745.14,24.67,3.0,3
1.06,0.87,-64.03,0.73,829.49,22.95,1.0,1
0.9,0.82,-84.07,18.85,758.39,22.7,1.0,1
0.9,0.93,-79.35,2.62,520.17,25.21,0.0,0
0.89,1.2,-44.3,-2.71,823.97,25.0,2.0,2
0.86,1.12,-76.33,7.11,662.11,22.78,0.0,0
1.06,1.01,-76.97,24.47,814.96,23.17,2.0,2
0.98,0.91,-77.78,-42.12,591.63,26.94,3.0,3
0.82,0.82,-73.09,-35.31,690.58,26.61,2.0,2
0.86,1.03,-80.07,6.92,614.53,26.69,0.0,0
0.82,0.92,-45.76,7.57,753.67,23.95,2.0,2
0.86,1.12,-76.33,7.11,662.11,22.78,0.0,0
1.0,1.05,-48.73,7.58,554.38,25.55,2.0,2
1.13,1.16,-68.21,43.85,523.2,25.45,3.0,3
1.13,1.09,-67.31,31.82,888.03,25.02,4.0,4
1.11,0.82,-81.43,-11.41,835.3,25.57,1.0,1
1.09,0.96,-45.39,49.32,670.76,25.82,4.0,4
1.14,0.99,-61.86,14.79,610.53,24.99,2.0,2
1.01,1.04,-81.36,-8.75,564.98,27.92,0.0,0
1.02,1.03,-74.86,-13.53,851.42,23.72,2.0,2
0.95,0.95,-76.19,8.57,649.85,25.51,0.0,0
0.99,1.1,-71.76,-9.09,554.02,27.09,0.0,0
1.17,1.14,-38.51,-47.31,869.7,26.11,4.0,4
1.02,1.02,-41.62,-19.02,542.93,22.61,2.0,2
1.16,0.96,-57.1,-2.22,585.08,26.33,1.0,1
0.92,1.15,-65.91,11.08,828.09,23.12,2.0,2
1.19,0.85,-54.91,20.44,897.3,27.42,4.0,4
0.82,1.05,-62.52,-20.24,745.43,24.01,3.0,3
1.12,1.02,-73.05,-7.95,641.39,27.78,1.0,1
0.94,1.17,-44.44,40.73,878.83,23.19,4.0,4
0.96,0.95,-47.47,-9.79,536.0,22.67,2.0,2
0.81,1.1,-43.57,4.08,873.03,25.48,2.0,2
0.89,0.87,-37.15,27.62,737.68,26.08,4.0,4
1.13,1.14,-45.48,-31.98,702.54,22.02,4.0,4
0.81,0.94,-58.3,-26.99,732.31,26.27,3.0,3
0.9,0.93,-79.35,2.62,520.17,25.21,0.0,0
0.87,0.87,-82.44,-2.24,732.0,24.44,0.0,0
1.19,1.08,-57.38,-23.2,508.1,23.71,2.0,2
1.04,0.9,-62.34,-9.04,751.44,24.87,1.0,1
1.18,1.05,-68.02,43.62,734.05,26.77,4.0,4
0.97,1.01,-51.02,-33.52,808.47,27.73,4.0,4
0.88,1.09,-55.08,-38.63,889.23,26.2,4.0,4
0.92,1.03,-36.47,-11.31,710.39,27.79,3.0,3
0.91,0.84,-71.55,4.58,557.49,24.55,0.0,0
1.05,1.2,-68.29,-20.24,849.12,27.37,3.0,3
1.11,1.13,-75.78,-10.07,872.4,27.1,2.0,2
0.92,0.93,-74.59,14.71,746.12,23.36,1.0,1
1.18,1.01,-66.55,-22.88,809.21,26.64,3.0,3
1.05,0.85,-75.18,24.18,543.8,25.56,2.0,2
0.87,1.01,-71.05,5.83,620.46,26.87,0.0,0
0.84,1.01,-77.35,-5.46,623.4,24.81,0.0,0
1.04,0.91,-78.21,4.0,671.71,22.01,0.0,0
0.95,1.19,-66.22,-5.69,811.01,27.61,1.0,1
1.18,0.96,-60.26,-4.39,527.04,24.32,1.0,1
1.16,1.19,-35.3,28.31,529.04,22.36,3.0,3
0.93,1.08,-79.78,3.73,658.65,23.61,0.0,0
1.11,1.17,-42.34,-1.36,795.71,25.75,2.0,2
1.04,0.91,-78.21,4.0,671.71,22.01,0.0,0
1.05,1.04,-59.58,8.78,843.74,27.56,1.0,1
0.95,1.11,-37.93,28.74,896.12,23.03,4.0,4
0.9,1.16,-46.44,12.7,734.8,25.09,3.0,3
1.07,0.89,-45.2,-46.66,699.56,27.84,4.0,4
1.05,1.12,-78.01,-20.65,654.85,24.95,2.0,2
1.03,0.81,-51.75,-24.38,630.19,24.26,3.0,3
0.95,0.88,-53.12,-43.25,876.0,22.7,4.0,4
1.12,1.14,-55.35,-3.03,835.66,26.6,1.0,1
0.83,0.96,-37.88,47.21,687.73,26.95,4.0,4
1.01,1.01,-84.83,-27.57,815.21,23.37,1.0,1
1.05,1.19,-79.18,24.67,616.77,25.56,2.0,2
1.1,0.94,-71.24,1.06,568.97,26.73,0.0,0
1.06,1.01,-76.97,24.47,814.96,23.17,2.0,2
1.12,1.15,-74.71,-4.92,715.2,27.94,1.0,1
1.1,1.08,-41.97,45.85,870.15,25.59,4.0,4
0.81,0.94,-43.14,-48.75,602.71,22.55,4.0,4
0.99,1.1,-58.53,8.71,594.16,22.22,1.0,1
1.17,1.08,-49.91,38.71,642.01,22.36,3.0,3
0.94,0.97,-79.7,-19.42,591.4,22.97,1.0,1
1.12,1.01,-57.07,40.59,795.27,25.74,4.0,4
1.05,0.85,-75.18,24.18,543.8,25.56,2.0,2
0.97,0.87,-57.16,13.31,629.1,22.72,2.0,2
0.87,1.01,-71.05,5.83,620.46,26.87,0.0,0
0.96,0.85,-80.74,-9.14,600.1,27.9,0.0,0
0.98,1.03,-54.01,-34.4,599.38,26.71,3.0,3
0.86,0.89,-79.64,-14.8,731.02,25.2,1.0,1
0.95,1.12,-66.96,47.77,613.84,24.63,3.0,3
1.01,0.82,-81.92,8.89,638.24,25.18,0.0,0
1.05,1.19,-79.18,24.67,616.77,25.56,2.0,2
1.06,0.88,-55.65,-34.5,664.89,24.74,3.0,3
0.93,0.86,-81.59,-18.06,604.41,27.95,1.0,1
1.14,1.09,-75.08,-24.94,730.24,27.45,2.0,2
1.06,1.13,-60.9,-31.39,857.53,27.74,4.0,4
0.94,1.04,-62.29,49.43,801.31,26.56,4.0,4
1.04,0.81,-76.7,-0.17,572.32,27.89,0.0,0
1.19,0.84,-50.61,-10.01,551.52,26.67,2.0,2
1.02,1.04,-45.87,-19.3,862.65,23.49,3.0,3
0.84,1.05,-37.5,-24.87,817.3,23.59,4.0,4
0.83,0.89,-76.98,8.84,589.38,26.73,0.0,0
1.16,1.17,-45.75,25.93,896.5,23.93,4.0,4
0.8,0.81,-65.38,-14.3,669.41,26.84,2.0,2
1.03,1.11,-48.21,-27.58,814.29,26.46,3.0,3
0.8,1.03,-43.39,10.89,820.0,22.54,3.0,3
0.98,1.05,-75.95,5.38,535.68,26.46,0.0,0
1.16,1.05,-38.56,31.7,593.37,24.97,4.0,4
1.13,0.91,-84.33,8.7,783.59,25.68,0.0,0
0.81,1.07,-64.17,39.29,693.87,22.17,3.0,3
1.04,0.83,-72.33,18.74,701.1,23.77,1.0,1
0.9,1.14,-79.72,1.69,549.64,23.09,0.0,0
0.81,0.94,-43.14,-48.75,602.71,22.55,4.0,4
1.04,0.93,-49.49,-12.41,544.87,25.22,2.0,2
1.07,0.81,-62.71,42.09,835.39,23.27,4.0,4
0.83,0.91,-49.17,26.66,576.74,23.09,3.0,3
1.13,1.13,-76.83,33.68,834.74,27.06,3.0,3
1.19,1.12,-46.09,-30.43,560.9,27.24,3.0,3
1.19,1.08,-57.38,-23.2,508.1,23.71,2.0,2
1.02,0.96,-65.41,-46.6,833.19,25.55,4.0,4
0.86,1.16,-43.35,-19.72,828.13,24.64,3.0,3
